,metric,year,value
0,global-temperature,1880.0,-0.11
1,global-temperature,1881.0,-0.14
2,global-temperature,1882.0,-0.18
3,global-temperature,1883.0,-0.21
4,global-temperature,1884.0,-0.25
5,global-temperature,1885.0,-0.27
6,global-temperature,1886.0,-0.28
7,global-temperature,1887.0,-0.28
8,global-temperature,1888.0,-0.27
9,global-temperature,1889.0,-0.26
10,global-temperature,1890.0,-0.26
11,global-temperature,1891.0,-0.26
12,global-temperature,1892.0,-0.27
13,global-temperature,1893.0,-0.27
14,global-temperature,1894.0,-0.25
15,global-temperature,1895.0,-0.23
16,global-temperature,1896.0,-0.21
17,global-temperature,1897.0,-0.19
18,global-temperature,1898.0,-0.17
19,global-temperature,1899.0,-0.18
20,global-temperature,1900.0,-0.21
21,global-temperature,1901.0,-0.24
22,global-temperature,1902.0,-0.27
23,global-temperature,1903.0,-0.29
24,global-temperature,1904.0,-0.32
25,global-temperature,1905.0,-0.34
26,global-temperature,1906.0,-0.36
27,global-temperature,1907.0,-0.38
28,global-temperature,1908.0,-0.39
29,global-temperature,1909.0,-0.41
30,global-temperature,1910.0,-0.42
31,global-temperature,1911.0,-0.4
32,global-temperature,1912.0,-0.36
33,global-temperature,1913.0,-0.33
34,global-temperature,1914.0,-0.32
35,global-temperature,1915.0,-0.31
36,global-temperature,1916.0,-0.3
37,global-temperature,1917.0,-0.3
38,global-temperature,1918.0,-0.3
39,global-temperature,1919.0,-0.3
40,global-temperature,1920.0,-0.28
41,global-temperature,1921.0,-0.27
42,global-temperature,1922.0,-0.26
43,global-temperature,1923.0,-0.24
44,global-temperature,1924.0,-0.23
45,global-temperature,1925.0,-0.22
46,global-temperature,1926.0,-0.22
47,global-temperature,1927.0,-0.21
48,global-temperature,1928.0,-0.2
49,global-temperature,1929.0,-0.19
50,global-temperature,1930.0,-0.19
51,global-temperature,1931.0,-0.19
52,global-temperature,1932.0,-0.18
53,global-temperature,1933.0,-0.17
54,global-temperature,1934.0,-0.16
55,global-temperature,1935.0,-0.14
56,global-temperature,1936.0,-0.11
57,global-temperature,1937.0,-0.06
58,global-temperature,1938.0,-0.02
59,global-temperature,1939.0,0.03
60,global-temperature,1940.0,0.06
61,global-temperature,1941.0,0.09
62,global-temperature,1942.0,0.1
63,global-temperature,1943.0,0.1
64,global-temperature,1944.0,0.07
65,global-temperature,1945.0,0.04
66,global-temperature,1946.0,-0.07
67,global-temperature,1947.0,-0.04
68,global-temperature,1948.0,-0.07
69,global-temperature,1949.0,-0.08
70,global-temperature,1950.0,-0.08
71,global-temperature,1951.0,-0.07
72,global-temperature,1952.0,-0.07
73,global-temperature,1953.0,-0.07
74,global-temperature,1954.0,-0.07
75,global-temperature,1955.0,-0.06
76,global-temperature,1956.0,-0.05
77,global-temperature,1957.0,-0.04
78,global-temperature,1958.0,-0.01
79,global-temperature,1959.0,0.01
80,global-temperature,1960.0,0.03
81,global-temperature,1961.0,0.01
82,global-temperature,1962.0,-0.01
83,global-temperature,1963.0,-0.03
84,global-temperature,1964.0,-0.04
85,global-temperature,1965.0,-0.05
86,global-temperature,1966.0,-0.06
87,global-temperature,1967.0,-0.05
88,global-temperature,1968.0,-0.03
89,global-temperature,1969.0,-0.02
90,global-temperature,1970.0,0.03
91,global-temperature,1971.0,-0.08
92,global-temperature,1972.0,0.01
93,global-temperature,1973.0,0.16
94,global-temperature,1974.0,0.01
95,global-temperature,1975.0,0.02
96,global-temperature,1976.0,0.04
97,global-temperature,1977.0,0.07
98,global-temperature,1978.0,0.12
99,global-temperature,1979.0,0.16
100,global-temperature,1980.0,0.2
101,global-temperature,1981.0,0.21
102,global-temperature,1982.0,0.22
103,global-temperature,1983.0,0.21
104,global-temperature,1984.0,0.21
105,global-temperature,1985.0,0.22
106,global-temperature,1986.0,0.24
107,global-temperature,1987.0,0.27
108,global-temperature,1988.0,0.31
109,global-temperature,1989.0,0.33
110,global-temperature,1990.0,0.33
111,global-temperature,1991.0,0.33
112,global-temperature,1992.0,0.33
113,global-temperature,1993.0,0.33
114,global-temperature,1994.0,0.34
115,global-temperature,1995.0,0.37
116,global-temperature,1996.0,0.4
117,global-temperature,1997.0,0.42
118,global-temperature,1998.0,0.44
119,global-temperature,1999.0,0.47
120,global-temperature,2000.0,0.5
121,global-temperature,2001.0,0.52
122,global-temperature,2002.0,0.55
123,global-temperature,2003.0,0.58
124,global-temperature,2004.0,0.61
125,global-temperature,2005.0,0.62
126,global-temperature,2006.0,0.62
127,global-temperature,2007.0,0.63
128,global-temperature,2008.0,0.64
129,global-temperature,2009.0,0.64
130,global-temperature,2010.0,0.65
131,global-temperature,2011.0,0.67
132,global-temperature,2012.0,0.7
133,global-temperature,2013.0,0.74
134,global-temperature,2014.0,0.79
135,global-temperature,2015.0,0.83
136,global-temperature,2016.0,0.88
137,global-temperature,2017.0,0.91
138,global-temperature,2018.0,0.93
139,global-temperature,2019.0,0.94
140,global-temperature,2020.0,0.97
141,global-temperature,2021.0,1.02
142,global-temperature,2022.0,1.08
143,global-temperature,2023.0,1.13
144,global-temperature,2024.0,1.19
191,ocean-warming,1958.0,12.399999999999999
192,ocean-warming,1959.0,5.8999999999999995
193,ocean-warming,1960.0,38.199999999999996
194,ocean-warming,1961.0,45.4
195,ocean-warming,1962.0,51.79999999999999
196,ocean-warming,1963.0,36.099999999999994
197,ocean-warming,1964.0,27.799999999999994
198,ocean-warming,1965.0,20.799999999999997
199,ocean-warming,1966.0,1.7999999999999998
200,ocean-warming,1967.0,2.4
201,ocean-warming,1968.0,3.0999999999999996
202,ocean-warming,1969.0,16.799999999999997
203,ocean-warming,1970.0,24.599999999999994
204,ocean-warming,1971.0,36.8
205,ocean-warming,1972.0,45.3
206,ocean-warming,1973.0,52.199999999999996
207,ocean-warming,1974.0,59.5
208,ocean-warming,1975.0,79.0
209,ocean-warming,1976.0,78.6
210,ocean-warming,1977.0,81.6
211,ocean-warming,1978.0,93.59999999999998
212,ocean-warming,1979.0,93.69999999999999
213,ocean-warming,1980.0,81.3
214,ocean-warming,1981.0,79.19999999999999
215,ocean-warming,1982.0,82.3
216,ocean-warming,1983.0,83.3
217,ocean-warming,1984.0,90.89999999999999
218,ocean-warming,1985.0,97.79999999999998
219,ocean-warming,1986.0,100.19999999999997
220,ocean-warming,1987.0,103.3
221,ocean-warming,1988.0,101.5
222,ocean-warming,1989.0,97.19999999999999
223,ocean-warming,1990.0,98.2
224,ocean-warming,1991.0,123.39999999999999
225,ocean-warming,1992.0,131.99999999999997
226,ocean-warming,1993.0,131.39999999999998
227,ocean-warming,1994.0,127.1
228,ocean-warming,1995.0,138.49999999999997
229,ocean-warming,1996.0,143.4
230,ocean-warming,1997.0,143.0
231,ocean-warming,1998.0,155.39999999999998
232,ocean-warming,1999.0,155.39999999999998
233,ocean-warming,2000.0,165.89999999999998
234,ocean-warming,2001.0,175.89999999999998
235,ocean-warming,2002.0,187.79999999999998
236,ocean-warming,2003.0,194.79999999999998
237,ocean-warming,2004.0,211.09999999999997
238,ocean-warming,2005.0,213.0
239,ocean-warming,2006.0,217.3
240,ocean-warming,2007.0,219.7
241,ocean-warming,2008.0,233.99999999999997
242,ocean-warming,2009.0,238.89999999999998
243,ocean-warming,2010.0,245.29999999999998
244,ocean-warming,2011.0,259.79999999999995
245,ocean-warming,2012.0,268.7
246,ocean-warming,2013.0,283.09999999999997
247,ocean-warming,2014.0,293.0
248,ocean-warming,2015.0,303.79999999999995
249,ocean-warming,2016.0,311.79999999999995
250,ocean-warming,2017.0,314.5
251,ocean-warming,2018.0,326.0
252,ocean-warming,2019.0,337.40000000000003
253,ocean-warming,2020.0,344.9
254,ocean-warming,2021.0,363.2
255,ocean-warming,2022.0,372.4
256,methane,1983.542,1625.96
257,methane,1983.625,1628.05
258,methane,1983.708,1638.42
259,methane,1983.792,1644.82
260,methane,1983.875,1642.58
261,methane,1983.958,1639.54
262,methane,1984.042,1638.76
263,methane,1984.125,1638.79
264,methane,1984.208,1640.85
265,methane,1984.292,1643.99
266,methane,1984.375,1643.13
267,methane,1984.458,1639.73
268,methane,1984.542,1638.01
269,methane,1984.625,1641.68
270,methane,1984.708,1650.61
271,methane,1984.792,1654.61
272,methane,1984.875,1653.77
273,methane,1984.958,1656.2
274,methane,1985.042,1655.63
275,methane,1985.125,1652.22
276,methane,1985.208,1654.6
277,methane,1985.292,1658.21
278,methane,1985.375,1655.87
279,methane,1985.458,1650.05
280,methane,1985.542,1646.82
281,methane,1985.625,1652.23
282,methane,1985.708,1662.49
283,methane,1985.792,1667.51
284,methane,1985.875,1666.79
285,methane,1985.958,1666.05
286,methane,1986.042,1666.31
287,methane,1986.125,1666.9
288,methane,1986.208,1669.26
289,methane,1986.292,1670.82
290,methane,1986.375,1668.44
291,methane,1986.458,1664.76
292,methane,1986.542,1662.34
293,methane,1986.625,1664.36
294,methane,1986.708,1672.57
295,methane,1986.792,1678.69
296,methane,1986.875,1678.96
297,methane,1986.958,1679.11
298,methane,1987.042,1679.42
299,methane,1987.125,1679.01
300,methane,1987.208,1680.01
301,methane,1987.292,1681.36
302,methane,1987.375,1681.84
303,methane,1987.458,1679.98
304,methane,1987.542,1675.98
305,methane,1987.625,1677.14
306,methane,1987.708,1685.59
307,methane,1987.792,1691.59
308,methane,1987.875,1691.15
309,methane,1987.958,1690.48
310,methane,1988.042,1692.0
311,methane,1988.125,1692.52
312,methane,1988.208,1691.28
313,methane,1988.292,1690.08
314,methane,1988.375,1689.09
315,methane,1988.458,1687.18
316,methane,1988.542,1686.03
317,methane,1988.625,1689.42
318,methane,1988.708,1696.12
319,methane,1988.792,1701.16
320,methane,1988.875,1702.83
321,methane,1988.958,1701.91
322,methane,1989.042,1700.57
323,methane,1989.125,1701.09
324,methane,1989.208,1702.48
325,methane,1989.292,1703.6
326,methane,1989.375,1703.35
327,methane,1989.458,1700.2
328,methane,1989.542,1698.22
329,methane,1989.625,1701.96
330,methane,1989.708,1707.17
331,methane,1989.792,1710.54
332,methane,1989.875,1713.09
333,methane,1989.958,1713.22
334,methane,1990.042,1712.16
335,methane,1990.125,1713.48
336,methane,1990.208,1714.34
337,methane,1990.292,1712.55
338,methane,1990.375,1710.63
339,methane,1990.458,1708.45
340,methane,1990.542,1706.58
341,methane,1990.625,1710.22
342,methane,1990.708,1717.59
343,methane,1990.792,1722.03
344,methane,1990.875,1723.44
345,methane,1990.958,1723.31
346,methane,1991.042,1721.68
347,methane,1991.125,1721.29
348,methane,1991.208,1722.08
349,methane,1991.292,1722.46
350,methane,1991.375,1722.11
351,methane,1991.458,1718.87
352,methane,1991.542,1715.98
353,methane,1991.625,1719.14
354,methane,1991.708,1726.06
355,methane,1991.792,1732.71
356,methane,1991.875,1737.43
357,methane,1991.958,1739.56
358,methane,1992.042,1738.95
359,methane,1992.125,1737.36
360,methane,1992.208,1736.9
361,methane,1992.292,1736.67
362,methane,1992.375,1734.96
363,methane,1992.458,1731.56
364,methane,1992.542,1728.83
365,methane,1992.625,1730.32
366,methane,1992.708,1734.61
367,methane,1992.792,1737.69
368,methane,1992.875,1739.21
369,methane,1992.958,1738.56
370,methane,1993.042,1735.81
371,methane,1993.125,1734.34
372,methane,1993.208,1735.37
373,methane,1993.292,1736.61
374,methane,1993.375,1734.99
375,methane,1993.458,1730.87
376,methane,1993.542,1728.03
377,methane,1993.625,1731.13
378,methane,1993.708,1738.45
379,methane,1993.792,1743.4
380,methane,1993.875,1745.2
381,methane,1993.958,1744.29
382,methane,1994.042,1741.45
383,methane,1994.125,1740.86
384,methane,1994.208,1741.94
385,methane,1994.292,1741.96
386,methane,1994.375,1740.63
387,methane,1994.458,1736.88
388,methane,1994.542,1732.41
389,methane,1994.625,1734.05
390,methane,1994.708,1742.89
391,methane,1994.792,1749.78
392,methane,1994.875,1751.21
393,methane,1994.958,1751.61
394,methane,1995.042,1751.15
395,methane,1995.125,1749.48
396,methane,1995.208,1748.98
397,methane,1995.292,1749.44
398,methane,1995.375,1747.64
399,methane,1995.458,1742.82
400,methane,1995.542,1740.18
401,methane,1995.625,1743.57
402,methane,1995.708,1749.77
403,methane,1995.792,1754.36
404,methane,1995.875,1755.49
405,methane,1995.958,1753.85
406,methane,1996.042,1752.26
407,methane,1996.125,1752.73
408,methane,1996.208,1752.21
409,methane,1996.292,1749.62
410,methane,1996.375,1748.29
411,methane,1996.458,1746.04
412,methane,1996.542,1742.07
413,methane,1996.625,1744.28
414,methane,1996.708,1752.64
415,methane,1996.792,1758.91
416,methane,1996.875,1760.01
417,methane,1996.958,1756.91
418,methane,1997.042,1753.42
419,methane,1997.125,1753.84
420,methane,1997.208,1755.66
421,methane,1997.292,1755.55
422,methane,1997.375,1753.8
423,methane,1997.458,1750.08
424,methane,1997.542,1746.06
425,methane,1997.625,1747.74
426,methane,1997.708,1754.98
427,methane,1997.792,1760.3
428,methane,1997.875,1761.69
429,methane,1997.958,1761.89
430,methane,1998.042,1761.47
431,methane,1998.125,1761.42
432,methane,1998.208,1762.93
433,methane,1998.292,1764.72
434,methane,1998.375,1764.24
435,methane,1998.458,1760.32
436,methane,1998.542,1756.17
437,methane,1998.625,1760.18
438,methane,1998.708,1770.66
439,methane,1998.792,1776.24
440,methane,1998.875,1775.46
441,methane,1998.958,1774.04
442,methane,1999.042,1773.81
443,methane,1999.125,1773.87
444,methane,1999.208,1774.57
445,methane,1999.292,1774.98
446,methane,1999.375,1772.65
447,methane,1999.458,1767.33
448,methane,1999.542,1762.96
449,methane,1999.625,1764.61
450,methane,1999.708,1771.0
451,methane,1999.792,1776.63
452,methane,1999.875,1778.53
453,methane,1999.958,1777.23
454,methane,2000.042,1775.55
455,methane,2000.125,1775.43
456,methane,2000.208,1776.49
457,methane,2000.292,1777.23
458,methane,2000.375,1774.56
459,methane,2000.458,1768.12
460,methane,2000.542,1763.48
461,methane,2000.625,1765.44
462,methane,2000.708,1772.04
463,methane,2000.792,1777.11
464,methane,2000.875,1777.71
465,methane,2000.958,1775.32
466,methane,2001.042,1772.9
467,methane,2001.125,1772.5
468,methane,2001.208,1773.64
469,methane,2001.292,1773.9
470,methane,2001.375,1770.87
471,methane,2001.458,1766.1
472,methane,2001.542,1763.04
473,methane,2001.625,1764.49
474,methane,2001.708,1770.44
475,methane,2001.792,1775.5
476,methane,2001.875,1776.55
477,methane,2001.958,1775.92
478,methane,2002.042,1774.12
479,methane,2002.125,1772.8
480,methane,2002.208,1773.39
481,methane,2002.292,1772.77
482,methane,2002.375,1770.3
483,methane,2002.458,1766.9
484,methane,2002.542,1764.23
485,methane,2002.625,1766.84
486,methane,2002.708,1773.67
487,methane,2002.792,1778.28
488,methane,2002.875,1779.48
489,methane,2002.958,1779.65
490,methane,2003.042,1777.56
491,methane,2003.125,1774.81
492,methane,2003.208,1774.84
493,methane,2003.292,1775.83
494,methane,2003.375,1774.44
495,methane,2003.458,1771.68
496,methane,2003.542,1770.72
497,methane,2003.625,1774.29
498,methane,2003.708,1780.56
499,methane,2003.792,1784.7
500,methane,2003.875,1785.26
501,methane,2003.958,1783.53
502,methane,2004.042,1780.71
503,methane,2004.125,1779.65
504,methane,2004.208,1780.93
505,methane,2004.292,1780.89
506,methane,2004.375,1777.61
507,methane,2004.458,1772.25
508,methane,2004.542,1768.05
509,methane,2004.625,1769.79
510,methane,2004.708,1775.53
511,methane,2004.792,1779.78
512,methane,2004.875,1780.48
513,methane,2004.958,1778.26
514,methane,2005.042,1776.17
515,methane,2005.125,1775.73
516,methane,2005.208,1775.57
517,methane,2005.292,1774.81
518,methane,2005.375,1772.5
519,methane,2005.458,1768.8
520,methane,2005.542,1766.42
521,methane,2005.625,1768.15
522,methane,2005.708,1773.24
523,methane,2005.792,1778.6
524,methane,2005.875,1781.23
525,methane,2005.958,1780.26
526,methane,2006.042,1779.54
527,methane,2006.125,1779.45
528,methane,2006.208,1777.38
529,methane,2006.292,1776.14
530,methane,2006.375,1774.9
531,methane,2006.458,1769.22
532,methane,2006.542,1764.18
533,methane,2006.625,1767.23
534,methane,2006.708,1774.59
535,methane,2006.792,1778.26
536,methane,2006.875,1779.02
537,methane,2006.958,1779.92
538,methane,2007.042,1779.23
539,methane,2007.125,1778.58
540,methane,2007.208,1780.23
541,methane,2007.292,1781.14
542,methane,2007.375,1779.47
543,methane,2007.458,1775.61
544,methane,2007.542,1772.6
545,methane,2007.625,1777.18
546,methane,2007.708,1785.87
547,methane,2007.792,1789.87
548,methane,2007.875,1789.51
549,methane,2007.958,1788.19
550,methane,2008.042,1786.72
551,methane,2008.125,1785.79
552,methane,2008.208,1786.16
553,methane,2008.292,1786.91
554,methane,2008.375,1785.19
555,methane,2008.458,1780.46
556,methane,2008.542,1777.66
557,methane,2008.625,1781.04
558,methane,2008.708,1787.66
559,methane,2008.792,1793.69
560,methane,2008.875,1797.29
561,methane,2008.958,1796.6
562,methane,2009.042,1795.1
563,methane,2009.125,1795.58
564,methane,2009.208,1795.93
565,methane,2009.292,1795.57
566,methane,2009.375,1792.39
567,methane,2009.458,1786.93
568,methane,2009.542,1785.04
569,methane,2009.625,1788.9
570,methane,2009.708,1794.83
571,methane,2009.792,1798.03
572,methane,2009.875,1797.84
573,methane,2009.958,1796.72
574,methane,2010.042,1797.33
575,methane,2010.125,1798.89
576,methane,2010.208,1799.44
577,methane,2010.292,1799.59
578,methane,2010.375,1797.6
579,methane,2010.458,1792.41
580,methane,2010.542,1789.31
581,methane,2010.625,1793.96
582,methane,2010.708,1801.87
583,methane,2010.792,1806.68
584,methane,2010.875,1807.0
585,methane,2010.958,1803.29
586,methane,2011.042,1800.07
587,methane,2011.125,1800.02
588,methane,2011.208,1801.01
589,methane,2011.292,1802.84
590,methane,2011.375,1803.15
591,methane,2011.458,1799.08
592,methane,2011.542,1796.16
593,methane,2011.625,1799.04
594,methane,2011.708,1804.24
595,methane,2011.792,1809.71
596,methane,2011.875,1812.33
597,methane,2011.958,1810.02
598,methane,2012.042,1807.45
599,methane,2012.125,1808.38
600,methane,2012.208,1810.05
601,methane,2012.292,1808.52
602,methane,2012.375,1804.82
603,methane,2012.458,1801.04
604,methane,2012.542,1799.38
605,methane,2012.625,1803.27
606,methane,2012.708,1810.14
607,methane,2012.792,1814.85
608,methane,2012.875,1815.93
609,methane,2012.958,1814.57
610,methane,2013.042,1814.07
611,methane,2013.125,1814.13
612,methane,2013.208,1813.24
613,methane,2013.292,1812.85
614,methane,2013.375,1811.93
615,methane,2013.458,1808.6
616,methane,2013.542,1806.0
617,methane,2013.625,1808.52
618,methane,2013.708,1814.25
619,methane,2013.792,1818.53
620,methane,2013.875,1820.32
621,methane,2013.958,1819.35
622,methane,2014.042,1816.87
623,methane,2014.125,1816.36
624,methane,2014.208,1818.1
625,methane,2014.292,1820.87
626,methane,2014.375,1821.86
627,methane,2014.458,1818.31
628,methane,2014.542,1815.55
629,methane,2014.625,1819.7
630,methane,2014.708,1826.83
631,methane,2014.792,1831.22
632,methane,2014.875,1833.01
633,methane,2014.958,1833.53
634,methane,2015.042,1833.11
635,methane,2015.125,1832.91
636,methane,2015.208,1833.2
637,methane,2015.292,1833.2
638,methane,2015.375,1831.54
639,methane,2015.458,1827.13
640,methane,2015.542,1824.62
641,methane,2015.625,1828.99
642,methane,2015.708,1836.24
643,methane,2015.792,1841.52
644,methane,2015.875,1844.59
645,methane,2015.958,1844.77
646,methane,2016.042,1842.46
647,methane,2016.125,1841.63
648,methane,2016.208,1843.0
649,methane,2016.292,1843.77
650,methane,2016.375,1842.12
651,methane,2016.458,1837.82
652,methane,2016.542,1834.18
653,methane,2016.625,1836.68
654,methane,2016.708,1844.18
655,methane,2016.792,1849.89
656,methane,2016.875,1851.42
657,methane,2016.958,1851.06
658,methane,2017.042,1849.78
659,methane,2017.125,1848.51
660,methane,2017.208,1848.28
661,methane,2017.292,1848.62
662,methane,2017.375,1847.21
663,methane,2017.458,1842.89
664,methane,2017.542,1840.25
665,methane,2017.625,1844.58
666,methane,2017.708,1852.77
667,methane,2017.792,1858.04
668,methane,2017.875,1858.59
669,methane,2017.958,1856.59
670,methane,2018.042,1854.47
671,methane,2018.125,1854.95
672,methane,2018.208,1856.86
673,methane,2018.292,1856.72
674,methane,2018.375,1854.82
675,methane,2018.458,1852.01
676,methane,2018.542,1849.11
677,methane,2018.625,1851.91
678,methane,2018.708,1860.48
679,methane,2018.792,1865.78
680,methane,2018.875,1866.25
681,methane,2018.958,1866.02
682,methane,2019.042,1865.01
683,methane,2019.125,1865.01
684,methane,2019.208,1866.31
685,methane,2019.292,1865.34
686,methane,2019.375,1861.97
687,methane,2019.458,1858.78
688,methane,2019.542,1858.24
689,methane,2019.625,1862.89
690,methane,2019.708,1870.77
691,methane,2019.792,1875.44
692,methane,2019.875,1875.59
693,methane,2019.958,1874.62
694,methane,2020.042,1872.93
695,methane,2020.125,1872.27
696,methane,2020.208,1874.38
697,methane,2020.292,1875.82
698,methane,2020.375,1874.41
699,methane,2020.458,1871.97
700,methane,2020.542,1871.49
701,methane,2020.625,1876.38
702,methane,2020.708,1884.56
703,methane,2020.792,1889.99
704,methane,2020.875,1891.43
705,methane,2020.958,1890.95
706,methane,2021.042,1888.62
707,methane,2021.125,1886.63
708,methane,2021.208,1887.99
709,methane,2021.292,1890.82
710,methane,2021.375,1891.27
711,methane,2021.458,1888.08
712,methane,2021.542,1886.0
713,methane,2021.625,1892.31
714,methane,2021.708,1902.44
715,methane,2021.792,1907.92
716,methane,2021.875,1909.19
717,methane,2021.958,1907.94
718,methane,2022.042,1906.34
719,methane,2022.125,1906.39
720,methane,2022.208,1907.77
721,methane,2022.292,1908.86
722,methane,2022.375,1907.48
723,methane,2022.458,1904.83
724,methane,2022.542,1904.02
725,methane,2022.625,1908.31
726,methane,2022.708,1915.06
727,methane,2022.792,1919.46
728,methane,2022.875,1922.1
729,methane,2022.958,1922.04
730,methane,2023.042,1920.05
731,methane,2023.125,1918.92
732,methane,2023.208,1918.71
733,methane,2023.292,1920.1
734,methane,2023.375,1919.74
735,methane,2023.458,1915.4
736,methane,2023.542,1913.19
737,methane,2023.625,1917.17
738,methane,2023.708,1924.96
739,methane,2023.792,1930.61
740,methane,2023.875,1931.76
741,methane,2023.958,1931.11
742,methane,2024.042,1928.51
743,methane,2024.125,1926.54
744,methane,2024.208,1928.21
745,methane,2024.292,1929.56
746,methane,2024.375,1926.17
747,methane,2024.458,1921.55
748,methane,2024.542,1920.84
749,methane,2024.625,1926.35
750,methane,2024.708,1936.23
751,methane,2024.792,1942.94
752,carbon-dioxide,1958.2027,315.71
753,carbon-dioxide,1958.2877,317.45
754,carbon-dioxide,1958.3699,317.51
755,carbon-dioxide,1958.4548,317.27
756,carbon-dioxide,1958.537,315.87
757,carbon-dioxide,1958.6219,314.93
758,carbon-dioxide,1958.7068,313.21
759,carbon-dioxide,1958.789,312.42
760,carbon-dioxide,1958.874,313.33
761,carbon-dioxide,1958.9562,314.67
762,carbon-dioxide,1959.0411,315.58
763,carbon-dioxide,1959.126,316.49
764,carbon-dioxide,1959.2027,316.65
765,carbon-dioxide,1959.2877,317.72
766,carbon-dioxide,1959.3699,318.29
767,carbon-dioxide,1959.4548,318.15
768,carbon-dioxide,1959.537,316.54
769,carbon-dioxide,1959.6219,314.8
770,carbon-dioxide,1959.7068,313.84
771,carbon-dioxide,1959.789,313.33
772,carbon-dioxide,1959.874,314.81
773,carbon-dioxide,1959.9562,315.58
774,carbon-dioxide,1960.041,316.43
775,carbon-dioxide,1960.1257,316.98
776,carbon-dioxide,1960.2049,317.58
777,carbon-dioxide,1960.2896,319.03
778,carbon-dioxide,1960.3716,320.03
779,carbon-dioxide,1960.4563,319.58
780,carbon-dioxide,1960.5383,318.18
781,carbon-dioxide,1960.623,315.9
782,carbon-dioxide,1960.7077,314.17
783,carbon-dioxide,1960.7896,313.83
784,carbon-dioxide,1960.8743,315.0
785,carbon-dioxide,1960.9563,316.19
786,carbon-dioxide,1961.0411,316.89
787,carbon-dioxide,1961.126,317.7
788,carbon-dioxide,1961.2027,318.54
789,carbon-dioxide,1961.2877,319.48
790,carbon-dioxide,1961.3699,320.58
791,carbon-dioxide,1961.4548,319.77
792,carbon-dioxide,1961.537,318.56
793,carbon-dioxide,1961.6219,316.79
794,carbon-dioxide,1961.7068,314.99
795,carbon-dioxide,1961.789,315.31
796,carbon-dioxide,1961.874,316.1
797,carbon-dioxide,1961.9562,317.01
798,carbon-dioxide,1962.0411,317.94
799,carbon-dioxide,1962.126,318.55
800,carbon-dioxide,1962.2027,319.68
801,carbon-dioxide,1962.2877,320.57
802,carbon-dioxide,1962.3699,321.02
803,carbon-dioxide,1962.4548,320.62
804,carbon-dioxide,1962.537,319.61
805,carbon-dioxide,1962.6219,317.4
806,carbon-dioxide,1962.7068,316.24
807,carbon-dioxide,1962.789,315.42
808,carbon-dioxide,1962.874,316.69
809,carbon-dioxide,1962.9562,317.7
810,carbon-dioxide,1963.0411,318.74
811,carbon-dioxide,1963.126,319.07
812,carbon-dioxide,1963.2027,319.86
813,carbon-dioxide,1963.2877,321.38
814,carbon-dioxide,1963.3699,322.24
815,carbon-dioxide,1963.4548,321.49
816,carbon-dioxide,1963.537,319.74
817,carbon-dioxide,1963.6219,317.77
818,carbon-dioxide,1963.7068,316.21
819,carbon-dioxide,1963.789,315.99
820,carbon-dioxide,1963.874,317.07
821,carbon-dioxide,1963.9562,318.35
822,carbon-dioxide,1964.041,319.57
823,carbon-dioxide,1964.1257,320.04
824,carbon-dioxide,1964.2049,320.75
825,carbon-dioxide,1964.2896,321.84
826,carbon-dioxide,1964.3716,322.25
827,carbon-dioxide,1964.4563,321.89
828,carbon-dioxide,1964.5383,320.44
829,carbon-dioxide,1964.623,318.69
830,carbon-dioxide,1964.7077,316.71
831,carbon-dioxide,1964.7896,316.87
832,carbon-dioxide,1964.8743,317.68
833,carbon-dioxide,1964.9563,318.71
834,carbon-dioxide,1965.0411,319.44
835,carbon-dioxide,1965.126,320.44
836,carbon-dioxide,1965.2027,320.89
837,carbon-dioxide,1965.2877,322.14
838,carbon-dioxide,1965.3699,322.17
839,carbon-dioxide,1965.4548,321.87
840,carbon-dioxide,1965.537,321.21
841,carbon-dioxide,1965.6219,318.87
842,carbon-dioxide,1965.7068,317.82
843,carbon-dioxide,1965.789,317.3
844,carbon-dioxide,1965.874,318.87
845,carbon-dioxide,1965.9562,319.42
846,carbon-dioxide,1966.0411,320.62
847,carbon-dioxide,1966.126,321.6
848,carbon-dioxide,1966.2027,322.39
849,carbon-dioxide,1966.2877,323.7
850,carbon-dioxide,1966.3699,324.08
851,carbon-dioxide,1966.4548,323.75
852,carbon-dioxide,1966.537,322.37
853,carbon-dioxide,1966.6219,320.36
854,carbon-dioxide,1966.7068,318.64
855,carbon-dioxide,1966.789,318.1
856,carbon-dioxide,1966.874,319.78
857,carbon-dioxide,1966.9562,321.02
858,carbon-dioxide,1967.0411,322.33
859,carbon-dioxide,1967.126,322.5
860,carbon-dioxide,1967.2027,323.03
861,carbon-dioxide,1967.2877,324.41
862,carbon-dioxide,1967.3699,325.0
863,carbon-dioxide,1967.4548,324.09
864,carbon-dioxide,1967.537,322.54
865,carbon-dioxide,1967.6219,320.92
866,carbon-dioxide,1967.7068,319.25
867,carbon-dioxide,1967.789,319.39
868,carbon-dioxide,1967.874,320.73
869,carbon-dioxide,1967.9562,321.96
870,carbon-dioxide,1968.041,322.57
871,carbon-dioxide,1968.1257,323.15
872,carbon-dioxide,1968.2049,323.89
873,carbon-dioxide,1968.2896,325.02
874,carbon-dioxide,1968.3716,325.57
875,carbon-dioxide,1968.4563,325.36
876,carbon-dioxide,1968.5383,324.14
877,carbon-dioxide,1968.623,322.11
878,carbon-dioxide,1968.7077,320.33
879,carbon-dioxide,1968.7896,320.25
880,carbon-dioxide,1968.8743,321.32
881,carbon-dioxide,1968.9563,322.89
882,carbon-dioxide,1969.0411,324.0
883,carbon-dioxide,1969.126,324.41
884,carbon-dioxide,1969.2027,325.63
885,carbon-dioxide,1969.2877,326.66
886,carbon-dioxide,1969.3699,327.38
887,carbon-dioxide,1969.4548,326.71
888,carbon-dioxide,1969.537,325.88
889,carbon-dioxide,1969.6219,323.66
890,carbon-dioxide,1969.7068,322.38
891,carbon-dioxide,1969.789,321.78
892,carbon-dioxide,1969.874,322.85
893,carbon-dioxide,1969.9562,324.11
894,carbon-dioxide,1970.0411,325.06
895,carbon-dioxide,1970.126,325.99
896,carbon-dioxide,1970.2027,326.93
897,carbon-dioxide,1970.2877,328.13
898,carbon-dioxide,1970.3699,328.08
899,carbon-dioxide,1970.4548,327.67
900,carbon-dioxide,1970.537,326.34
901,carbon-dioxide,1970.6219,324.68
902,carbon-dioxide,1970.7068,323.1
903,carbon-dioxide,1970.789,323.06
904,carbon-dioxide,1970.874,324.01
905,carbon-dioxide,1970.9562,325.13
906,carbon-dioxide,1971.0411,326.17
907,carbon-dioxide,1971.126,326.69
908,carbon-dioxide,1971.2027,327.18
909,carbon-dioxide,1971.2877,327.78
910,carbon-dioxide,1971.3699,328.93
911,carbon-dioxide,1971.4548,328.57
912,carbon-dioxide,1971.537,327.36
913,carbon-dioxide,1971.6219,325.43
914,carbon-dioxide,1971.7068,323.36
915,carbon-dioxide,1971.789,323.56
916,carbon-dioxide,1971.874,324.8
917,carbon-dioxide,1971.9562,326.01
918,carbon-dioxide,1972.041,326.77
919,carbon-dioxide,1972.1257,327.63
920,carbon-dioxide,1972.2049,327.75
921,carbon-dioxide,1972.2896,329.72
922,carbon-dioxide,1972.3716,330.07
923,carbon-dioxide,1972.4563,329.09
924,carbon-dioxide,1972.5383,328.04
925,carbon-dioxide,1972.623,326.32
926,carbon-dioxide,1972.7077,324.84
927,carbon-dioxide,1972.7896,325.2
928,carbon-dioxide,1972.8743,326.5
929,carbon-dioxide,1972.9563,327.55
930,carbon-dioxide,1973.0411,328.55
931,carbon-dioxide,1973.126,329.57
932,carbon-dioxide,1973.2027,330.3
933,carbon-dioxide,1973.2877,331.5
934,carbon-dioxide,1973.3699,332.48
935,carbon-dioxide,1973.4548,332.07
936,carbon-dioxide,1973.537,330.87
937,carbon-dioxide,1973.6219,329.31
938,carbon-dioxide,1973.7068,327.52
939,carbon-dioxide,1973.789,327.19
940,carbon-dioxide,1973.874,328.17
941,carbon-dioxide,1973.9562,328.65
942,carbon-dioxide,1974.0411,329.36
943,carbon-dioxide,1974.126,330.71
944,carbon-dioxide,1974.2027,331.49
945,carbon-dioxide,1974.2877,332.65
946,carbon-dioxide,1974.375,333.19
947,carbon-dioxide,1974.4583,332.2
948,carbon-dioxide,1974.5417,331.07
949,carbon-dioxide,1974.625,329.15
950,carbon-dioxide,1974.7083,327.33
951,carbon-dioxide,1974.7917,327.28
952,carbon-dioxide,1974.875,328.31
953,carbon-dioxide,1974.9583,329.58
954,carbon-dioxide,1975.0417,330.73
955,carbon-dioxide,1975.125,331.46
956,carbon-dioxide,1975.2083,331.94
957,carbon-dioxide,1975.2917,333.11
958,carbon-dioxide,1975.375,333.95
959,carbon-dioxide,1975.4583,333.42
960,carbon-dioxide,1975.5417,331.97
961,carbon-dioxide,1975.625,329.95
962,carbon-dioxide,1975.7083,328.49
963,carbon-dioxide,1975.7917,328.36
964,carbon-dioxide,1975.875,329.38
965,carbon-dioxide,1975.9583,330.79
966,carbon-dioxide,1976.0417,331.56
967,carbon-dioxide,1976.125,332.74
968,carbon-dioxide,1976.2083,333.36
969,carbon-dioxide,1976.2917,334.74
970,carbon-dioxide,1976.375,334.72
971,carbon-dioxide,1976.4583,333.97
972,carbon-dioxide,1976.5417,333.08
973,carbon-dioxide,1976.625,330.68
974,carbon-dioxide,1976.7083,328.96
975,carbon-dioxide,1976.7917,328.72
976,carbon-dioxide,1976.875,330.16
977,carbon-dioxide,1976.9583,331.62
978,carbon-dioxide,1977.0417,332.68
979,carbon-dioxide,1977.125,333.17
980,carbon-dioxide,1977.2083,334.96
981,carbon-dioxide,1977.2917,336.14
982,carbon-dioxide,1977.375,336.93
983,carbon-dioxide,1977.4583,336.17
984,carbon-dioxide,1977.5417,334.89
985,carbon-dioxide,1977.625,332.56
986,carbon-dioxide,1977.7083,331.29
987,carbon-dioxide,1977.7917,331.28
988,carbon-dioxide,1977.875,332.46
989,carbon-dioxide,1977.9583,333.6
990,carbon-dioxide,1978.0417,334.94
991,carbon-dioxide,1978.125,335.26
992,carbon-dioxide,1978.2083,336.66
993,carbon-dioxide,1978.2917,337.69
994,carbon-dioxide,1978.375,338.02
995,carbon-dioxide,1978.4583,338.01
996,carbon-dioxide,1978.5417,336.5
997,carbon-dioxide,1978.625,334.42
998,carbon-dioxide,1978.7083,332.36
999,carbon-dioxide,1978.7917,332.45
1000,carbon-dioxide,1978.875,333.76
1001,carbon-dioxide,1978.9583,334.91
1002,carbon-dioxide,1979.0417,336.14
1003,carbon-dioxide,1979.125,336.69
1004,carbon-dioxide,1979.2083,338.27
1005,carbon-dioxide,1979.2917,338.82
1006,carbon-dioxide,1979.375,339.24
1007,carbon-dioxide,1979.4583,339.26
1008,carbon-dioxide,1979.5417,337.54
1009,carbon-dioxide,1979.625,335.72
1010,carbon-dioxide,1979.7083,333.97
1011,carbon-dioxide,1979.7917,334.24
1012,carbon-dioxide,1979.875,335.32
1013,carbon-dioxide,1979.9583,336.81
1014,carbon-dioxide,1980.0417,337.9
1015,carbon-dioxide,1980.125,338.34
1016,carbon-dioxide,1980.2083,340.07
1017,carbon-dioxide,1980.2917,340.93
1018,carbon-dioxide,1980.375,341.45
1019,carbon-dioxide,1980.4583,341.36
1020,carbon-dioxide,1980.5417,339.45
1021,carbon-dioxide,1980.625,337.67
1022,carbon-dioxide,1980.7083,336.25
1023,carbon-dioxide,1980.7917,336.14
1024,carbon-dioxide,1980.875,337.3
1025,carbon-dioxide,1980.9583,338.29
1026,carbon-dioxide,1981.0417,339.29
1027,carbon-dioxide,1981.125,340.55
1028,carbon-dioxide,1981.2083,341.63
1029,carbon-dioxide,1981.2917,342.6
1030,carbon-dioxide,1981.375,343.04
1031,carbon-dioxide,1981.4583,342.54
1032,carbon-dioxide,1981.5417,340.82
1033,carbon-dioxide,1981.625,338.48
1034,carbon-dioxide,1981.7083,336.95
1035,carbon-dioxide,1981.7917,337.05
1036,carbon-dioxide,1981.875,338.58
1037,carbon-dioxide,1981.9583,339.91
1038,carbon-dioxide,1982.0417,340.93
1039,carbon-dioxide,1982.125,341.76
1040,carbon-dioxide,1982.2083,342.78
1041,carbon-dioxide,1982.2917,343.96
1042,carbon-dioxide,1982.375,344.77
1043,carbon-dioxide,1982.4583,343.88
1044,carbon-dioxide,1982.5417,342.42
1045,carbon-dioxide,1982.625,340.24
1046,carbon-dioxide,1982.7083,338.37
1047,carbon-dioxide,1982.7917,338.41
1048,carbon-dioxide,1982.875,339.44
1049,carbon-dioxide,1982.9583,340.78
1050,carbon-dioxide,1983.0417,341.57
1051,carbon-dioxide,1983.125,342.79
1052,carbon-dioxide,1983.2083,343.37
1053,carbon-dioxide,1983.2917,345.4
1054,carbon-dioxide,1983.375,346.14
1055,carbon-dioxide,1983.4583,345.76
1056,carbon-dioxide,1983.5417,344.32
1057,carbon-dioxide,1983.625,342.51
1058,carbon-dioxide,1983.7083,340.46
1059,carbon-dioxide,1983.7917,340.53
1060,carbon-dioxide,1983.875,341.79
1061,carbon-dioxide,1983.9583,343.2
1062,carbon-dioxide,1984.0417,344.21
1063,carbon-dioxide,1984.125,344.92
1064,carbon-dioxide,1984.2083,345.68
1065,carbon-dioxide,1984.2917,347.38
1066,carbon-dioxide,1984.375,347.77
1067,carbon-dioxide,1984.4583,347.16
1068,carbon-dioxide,1984.5417,345.79
1069,carbon-dioxide,1984.625,343.74
1070,carbon-dioxide,1984.7083,341.59
1071,carbon-dioxide,1984.7917,341.86
1072,carbon-dioxide,1984.875,343.31
1073,carbon-dioxide,1984.9583,345.0
1074,carbon-dioxide,1985.0417,345.48
1075,carbon-dioxide,1985.125,346.42
1076,carbon-dioxide,1985.2083,347.91
1077,carbon-dioxide,1985.2917,348.66
1078,carbon-dioxide,1985.375,349.28
1079,carbon-dioxide,1985.4583,348.65
1080,carbon-dioxide,1985.5417,346.9
1081,carbon-dioxide,1985.625,345.26
1082,carbon-dioxide,1985.7083,343.47
1083,carbon-dioxide,1985.7917,343.35
1084,carbon-dioxide,1985.875,344.73
1085,carbon-dioxide,1985.9583,346.12
1086,carbon-dioxide,1986.0417,346.78
1087,carbon-dioxide,1986.125,347.48
1088,carbon-dioxide,1986.2083,348.25
1089,carbon-dioxide,1986.2917,349.86
1090,carbon-dioxide,1986.375,350.52
1091,carbon-dioxide,1986.4583,349.98
1092,carbon-dioxide,1986.5417,348.25
1093,carbon-dioxide,1986.625,346.17
1094,carbon-dioxide,1986.7083,345.48
1095,carbon-dioxide,1986.7917,344.82
1096,carbon-dioxide,1986.875,346.22
1097,carbon-dioxide,1986.9583,347.48
1098,carbon-dioxide,1987.0417,348.73
1099,carbon-dioxide,1987.125,348.92
1100,carbon-dioxide,1987.2083,349.81
1101,carbon-dioxide,1987.2917,351.4
1102,carbon-dioxide,1987.375,352.15
1103,carbon-dioxide,1987.4583,351.58
1104,carbon-dioxide,1987.5417,350.21
1105,carbon-dioxide,1987.625,348.2
1106,carbon-dioxide,1987.7083,346.66
1107,carbon-dioxide,1987.7917,346.72
1108,carbon-dioxide,1987.875,348.08
1109,carbon-dioxide,1987.9583,349.28
1110,carbon-dioxide,1988.0417,350.51
1111,carbon-dioxide,1988.125,351.7
1112,carbon-dioxide,1988.2083,352.5
1113,carbon-dioxide,1988.2917,353.67
1114,carbon-dioxide,1988.375,354.35
1115,carbon-dioxide,1988.4583,353.88
1116,carbon-dioxide,1988.5417,352.8
1117,carbon-dioxide,1988.625,350.49
1118,carbon-dioxide,1988.7083,348.97
1119,carbon-dioxide,1988.7917,349.37
1120,carbon-dioxide,1988.875,350.42
1121,carbon-dioxide,1988.9583,351.62
1122,carbon-dioxide,1989.0417,353.07
1123,carbon-dioxide,1989.125,353.43
1124,carbon-dioxide,1989.2083,354.08
1125,carbon-dioxide,1989.2917,355.72
1126,carbon-dioxide,1989.375,355.95
1127,carbon-dioxide,1989.4583,355.44
1128,carbon-dioxide,1989.5417,354.05
1129,carbon-dioxide,1989.625,351.84
1130,carbon-dioxide,1989.7083,350.09
1131,carbon-dioxide,1989.7917,350.33
1132,carbon-dioxide,1989.875,351.55
1133,carbon-dioxide,1989.9583,352.91
1134,carbon-dioxide,1990.0417,353.86
1135,carbon-dioxide,1990.125,355.1
1136,carbon-dioxide,1990.2083,355.75
1137,carbon-dioxide,1990.2917,356.38
1138,carbon-dioxide,1990.375,357.38
1139,carbon-dioxide,1990.4583,356.39
1140,carbon-dioxide,1990.5417,354.89
1141,carbon-dioxide,1990.625,353.06
1142,carbon-dioxide,1990.7083,351.38
1143,carbon-dioxide,1990.7917,351.69
1144,carbon-dioxide,1990.875,353.14
1145,carbon-dioxide,1990.9583,354.41
1146,carbon-dioxide,1991.0417,354.93
1147,carbon-dioxide,1991.125,355.82
1148,carbon-dioxide,1991.2083,357.33
1149,carbon-dioxide,1991.2917,358.77
1150,carbon-dioxide,1991.375,359.23
1151,carbon-dioxide,1991.4583,358.23
1152,carbon-dioxide,1991.5417,356.3
1153,carbon-dioxide,1991.625,353.97
1154,carbon-dioxide,1991.7083,352.34
1155,carbon-dioxide,1991.7917,352.43
1156,carbon-dioxide,1991.875,353.89
1157,carbon-dioxide,1991.9583,355.21
1158,carbon-dioxide,1992.0417,356.34
1159,carbon-dioxide,1992.125,357.21
1160,carbon-dioxide,1992.2083,357.97
1161,carbon-dioxide,1992.2917,359.22
1162,carbon-dioxide,1992.375,359.71
1163,carbon-dioxide,1992.4583,359.44
1164,carbon-dioxide,1992.5417,357.15
1165,carbon-dioxide,1992.625,354.99
1166,carbon-dioxide,1992.7083,353.01
1167,carbon-dioxide,1992.7917,353.41
1168,carbon-dioxide,1992.875,354.42
1169,carbon-dioxide,1992.9583,355.68
1170,carbon-dioxide,1993.0417,357.1
1171,carbon-dioxide,1993.125,357.42
1172,carbon-dioxide,1993.2083,358.59
1173,carbon-dioxide,1993.2917,359.39
1174,carbon-dioxide,1993.375,360.3
1175,carbon-dioxide,1993.4583,359.64
1176,carbon-dioxide,1993.5417,357.45
1177,carbon-dioxide,1993.625,355.76
1178,carbon-dioxide,1993.7083,354.14
1179,carbon-dioxide,1993.7917,354.23
1180,carbon-dioxide,1993.875,355.53
1181,carbon-dioxide,1993.9583,357.03
1182,carbon-dioxide,1994.0417,358.36
1183,carbon-dioxide,1994.125,359.04
1184,carbon-dioxide,1994.2083,360.11
1185,carbon-dioxide,1994.2917,361.36
1186,carbon-dioxide,1994.375,361.78
1187,carbon-dioxide,1994.4583,360.94
1188,carbon-dioxide,1994.5417,359.51
1189,carbon-dioxide,1994.625,357.59
1190,carbon-dioxide,1994.7083,355.86
1191,carbon-dioxide,1994.7917,356.21
1192,carbon-dioxide,1994.875,357.65
1193,carbon-dioxide,1994.9583,359.1
1194,carbon-dioxide,1995.0417,360.04
1195,carbon-dioxide,1995.125,361.0
1196,carbon-dioxide,1995.2083,361.98
1197,carbon-dioxide,1995.2917,363.44
1198,carbon-dioxide,1995.375,363.83
1199,carbon-dioxide,1995.4583,363.33
1200,carbon-dioxide,1995.5417,361.78
1201,carbon-dioxide,1995.625,359.33
1202,carbon-dioxide,1995.7083,358.32
1203,carbon-dioxide,1995.7917,358.14
1204,carbon-dioxide,1995.875,359.61
1205,carbon-dioxide,1995.9583,360.82
1206,carbon-dioxide,1996.0417,362.2
1207,carbon-dioxide,1996.125,363.36
1208,carbon-dioxide,1996.2083,364.28
1209,carbon-dioxide,1996.2917,364.69
1210,carbon-dioxide,1996.375,365.25
1211,carbon-dioxide,1996.4583,365.06
1212,carbon-dioxide,1996.5417,363.69
1213,carbon-dioxide,1996.625,361.55
1214,carbon-dioxide,1996.7083,359.69
1215,carbon-dioxide,1996.7917,359.72
1216,carbon-dioxide,1996.875,361.04
1217,carbon-dioxide,1996.9583,362.39
1218,carbon-dioxide,1997.0417,363.24
1219,carbon-dioxide,1997.125,364.21
1220,carbon-dioxide,1997.2083,364.65
1221,carbon-dioxide,1997.2917,366.49
1222,carbon-dioxide,1997.375,366.77
1223,carbon-dioxide,1997.4583,365.73
1224,carbon-dioxide,1997.5417,364.46
1225,carbon-dioxide,1997.625,362.4
1226,carbon-dioxide,1997.7083,360.44
1227,carbon-dioxide,1997.7917,360.97
1228,carbon-dioxide,1997.875,362.65
1229,carbon-dioxide,1997.9583,364.51
1230,carbon-dioxide,1998.0417,365.39
1231,carbon-dioxide,1998.125,366.1
1232,carbon-dioxide,1998.2083,367.36
1233,carbon-dioxide,1998.2917,368.79
1234,carbon-dioxide,1998.375,369.56
1235,carbon-dioxide,1998.4583,369.13
1236,carbon-dioxide,1998.5417,367.98
1237,carbon-dioxide,1998.625,366.1
1238,carbon-dioxide,1998.7083,364.16
1239,carbon-dioxide,1998.7917,364.54
1240,carbon-dioxide,1998.875,365.67
1241,carbon-dioxide,1998.9583,367.3
1242,carbon-dioxide,1999.0417,368.35
1243,carbon-dioxide,1999.125,369.28
1244,carbon-dioxide,1999.2083,369.84
1245,carbon-dioxide,1999.2917,371.15
1246,carbon-dioxide,1999.375,371.12
1247,carbon-dioxide,1999.4583,370.46
1248,carbon-dioxide,1999.5417,369.61
1249,carbon-dioxide,1999.625,367.06
1250,carbon-dioxide,1999.7083,364.95
1251,carbon-dioxide,1999.7917,365.52
1252,carbon-dioxide,1999.875,366.88
1253,carbon-dioxide,1999.9583,368.26
1254,carbon-dioxide,2000.0417,369.45
1255,carbon-dioxide,2000.125,369.71
1256,carbon-dioxide,2000.2083,370.75
1257,carbon-dioxide,2000.2917,371.98
1258,carbon-dioxide,2000.375,371.75
1259,carbon-dioxide,2000.4583,371.87
1260,carbon-dioxide,2000.5417,370.02
1261,carbon-dioxide,2000.625,368.27
1262,carbon-dioxide,2000.7083,367.15
1263,carbon-dioxide,2000.7917,367.18
1264,carbon-dioxide,2000.875,368.53
1265,carbon-dioxide,2000.9583,369.83
1266,carbon-dioxide,2001.0417,370.76
1267,carbon-dioxide,2001.125,371.69
1268,carbon-dioxide,2001.2083,372.63
1269,carbon-dioxide,2001.2917,373.55
1270,carbon-dioxide,2001.375,374.03
1271,carbon-dioxide,2001.4583,373.4
1272,carbon-dioxide,2001.5417,371.68
1273,carbon-dioxide,2001.625,369.78
1274,carbon-dioxide,2001.7083,368.34
1275,carbon-dioxide,2001.7917,368.61
1276,carbon-dioxide,2001.875,369.94
1277,carbon-dioxide,2001.9583,371.42
1278,carbon-dioxide,2002.0417,372.7
1279,carbon-dioxide,2002.125,373.37
1280,carbon-dioxide,2002.2083,374.3
1281,carbon-dioxide,2002.2917,375.19
1282,carbon-dioxide,2002.375,375.93
1283,carbon-dioxide,2002.4583,375.69
1284,carbon-dioxide,2002.5417,374.16
1285,carbon-dioxide,2002.625,372.03
1286,carbon-dioxide,2002.7083,370.92
1287,carbon-dioxide,2002.7917,370.73
1288,carbon-dioxide,2002.875,372.43
1289,carbon-dioxide,2002.9583,373.98
1290,carbon-dioxide,2003.0417,375.07
1291,carbon-dioxide,2003.125,375.82
1292,carbon-dioxide,2003.2083,376.64
1293,carbon-dioxide,2003.2917,377.92
1294,carbon-dioxide,2003.375,378.78
1295,carbon-dioxide,2003.4583,378.46
1296,carbon-dioxide,2003.5417,376.88
1297,carbon-dioxide,2003.625,374.57
1298,carbon-dioxide,2003.7083,373.34
1299,carbon-dioxide,2003.7917,373.31
1300,carbon-dioxide,2003.875,374.84
1301,carbon-dioxide,2003.9583,376.17
1302,carbon-dioxide,2004.0417,377.17
1303,carbon-dioxide,2004.125,378.05
1304,carbon-dioxide,2004.2083,379.06
1305,carbon-dioxide,2004.2917,380.54
1306,carbon-dioxide,2004.375,380.8
1307,carbon-dioxide,2004.4583,379.87
1308,carbon-dioxide,2004.5417,377.65
1309,carbon-dioxide,2004.625,376.17
1310,carbon-dioxide,2004.7083,374.43
1311,carbon-dioxide,2004.7917,374.63
1312,carbon-dioxide,2004.875,376.33
1313,carbon-dioxide,2004.9583,377.68
1314,carbon-dioxide,2005.0417,378.63
1315,carbon-dioxide,2005.125,379.91
1316,carbon-dioxide,2005.2083,380.95
1317,carbon-dioxide,2005.2917,382.48
1318,carbon-dioxide,2005.375,382.64
1319,carbon-dioxide,2005.4583,382.4
1320,carbon-dioxide,2005.5417,380.93
1321,carbon-dioxide,2005.625,378.93
1322,carbon-dioxide,2005.7083,376.89
1323,carbon-dioxide,2005.7917,377.19
1324,carbon-dioxide,2005.875,378.54
1325,carbon-dioxide,2005.9583,380.31
1326,carbon-dioxide,2006.0417,381.58
1327,carbon-dioxide,2006.125,382.4
1328,carbon-dioxide,2006.2083,382.86
1329,carbon-dioxide,2006.2917,384.8
1330,carbon-dioxide,2006.375,385.22
1331,carbon-dioxide,2006.4583,384.24
1332,carbon-dioxide,2006.5417,382.65
1333,carbon-dioxide,2006.625,380.6
1334,carbon-dioxide,2006.7083,379.04
1335,carbon-dioxide,2006.7917,379.33
1336,carbon-dioxide,2006.875,380.35
1337,carbon-dioxide,2006.9583,382.02
1338,carbon-dioxide,2007.0417,383.1
1339,carbon-dioxide,2007.125,384.12
1340,carbon-dioxide,2007.2083,384.81
1341,carbon-dioxide,2007.2917,386.73
1342,carbon-dioxide,2007.375,386.78
1343,carbon-dioxide,2007.4583,386.33
1344,carbon-dioxide,2007.5417,384.73
1345,carbon-dioxide,2007.625,382.24
1346,carbon-dioxide,2007.7083,381.2
1347,carbon-dioxide,2007.7917,381.37
1348,carbon-dioxide,2007.875,382.7
1349,carbon-dioxide,2007.9583,384.19
1350,carbon-dioxide,2008.0417,385.78
1351,carbon-dioxide,2008.125,386.06
1352,carbon-dioxide,2008.2083,386.28
1353,carbon-dioxide,2008.2917,387.33
1354,carbon-dioxide,2008.375,388.78
1355,carbon-dioxide,2008.4583,387.99
1356,carbon-dioxide,2008.5417,386.61
1357,carbon-dioxide,2008.625,384.32
1358,carbon-dioxide,2008.7083,383.41
1359,carbon-dioxide,2008.7917,383.22
1360,carbon-dioxide,2008.875,384.41
1361,carbon-dioxide,2008.9583,385.79
1362,carbon-dioxide,2009.0417,387.17
1363,carbon-dioxide,2009.125,387.7
1364,carbon-dioxide,2009.2083,389.04
1365,carbon-dioxide,2009.2917,389.76
1366,carbon-dioxide,2009.375,390.36
1367,carbon-dioxide,2009.4583,389.7
1368,carbon-dioxide,2009.5417,388.24
1369,carbon-dioxide,2009.625,386.29
1370,carbon-dioxide,2009.7083,384.95
1371,carbon-dioxide,2009.7917,384.64
1372,carbon-dioxide,2009.875,386.23
1373,carbon-dioxide,2009.9583,387.63
1374,carbon-dioxide,2010.0417,388.91
1375,carbon-dioxide,2010.125,390.41
1376,carbon-dioxide,2010.2083,391.37
1377,carbon-dioxide,2010.2917,392.67
1378,carbon-dioxide,2010.375,393.21
1379,carbon-dioxide,2010.4583,392.38
1380,carbon-dioxide,2010.5417,390.41
1381,carbon-dioxide,2010.625,388.54
1382,carbon-dioxide,2010.7083,387.03
1383,carbon-dioxide,2010.7917,387.43
1384,carbon-dioxide,2010.875,388.87
1385,carbon-dioxide,2010.9583,389.99
1386,carbon-dioxide,2011.0417,391.5
1387,carbon-dioxide,2011.125,392.05
1388,carbon-dioxide,2011.2083,392.8
1389,carbon-dioxide,2011.2917,393.44
1390,carbon-dioxide,2011.375,394.41
1391,carbon-dioxide,2011.4583,393.95
1392,carbon-dioxide,2011.5417,392.72
1393,carbon-dioxide,2011.625,390.33
1394,carbon-dioxide,2011.7083,389.28
1395,carbon-dioxide,2011.7917,389.19
1396,carbon-dioxide,2011.875,390.48
1397,carbon-dioxide,2011.9583,392.06
1398,carbon-dioxide,2012.0417,393.31
1399,carbon-dioxide,2012.125,394.04
1400,carbon-dioxide,2012.2083,394.59
1401,carbon-dioxide,2012.2917,396.38
1402,carbon-dioxide,2012.375,396.93
1403,carbon-dioxide,2012.4583,395.91
1404,carbon-dioxide,2012.5417,394.56
1405,carbon-dioxide,2012.625,392.59
1406,carbon-dioxide,2012.7083,391.32
1407,carbon-dioxide,2012.7917,391.27
1408,carbon-dioxide,2012.875,393.2
1409,carbon-dioxide,2012.9583,394.57
1410,carbon-dioxide,2013.0417,395.78
1411,carbon-dioxide,2013.125,397.03
1412,carbon-dioxide,2013.2083,397.66
1413,carbon-dioxide,2013.2917,398.64
1414,carbon-dioxide,2013.375,400.02
1415,carbon-dioxide,2013.4583,398.81
1416,carbon-dioxide,2013.5417,397.51
1417,carbon-dioxide,2013.625,395.39
1418,carbon-dioxide,2013.7083,393.72
1419,carbon-dioxide,2013.7917,393.9
1420,carbon-dioxide,2013.875,395.36
1421,carbon-dioxide,2013.9583,397.03
1422,carbon-dioxide,2014.0417,398.04
1423,carbon-dioxide,2014.125,398.27
1424,carbon-dioxide,2014.2083,399.91
1425,carbon-dioxide,2014.2917,401.51
1426,carbon-dioxide,2014.375,401.96
1427,carbon-dioxide,2014.4583,401.43
1428,carbon-dioxide,2014.5417,399.27
1429,carbon-dioxide,2014.625,397.18
1430,carbon-dioxide,2014.7083,395.54
1431,carbon-dioxide,2014.7917,396.16
1432,carbon-dioxide,2014.875,397.4
1433,carbon-dioxide,2014.9583,399.08
1434,carbon-dioxide,2015.0417,400.18
1435,carbon-dioxide,2015.125,400.55
1436,carbon-dioxide,2015.2083,401.74
1437,carbon-dioxide,2015.2917,403.35
1438,carbon-dioxide,2015.375,404.15
1439,carbon-dioxide,2015.4583,402.97
1440,carbon-dioxide,2015.5417,401.46
1441,carbon-dioxide,2015.625,399.11
1442,carbon-dioxide,2015.7083,397.82
1443,carbon-dioxide,2015.7917,398.49
1444,carbon-dioxide,2015.875,400.27
1445,carbon-dioxide,2015.9583,402.06
1446,carbon-dioxide,2016.0417,402.73
1447,carbon-dioxide,2016.125,404.25
1448,carbon-dioxide,2016.2083,405.06
1449,carbon-dioxide,2016.2917,407.6
1450,carbon-dioxide,2016.375,407.9
1451,carbon-dioxide,2016.4583,406.99
1452,carbon-dioxide,2016.5417,404.59
1453,carbon-dioxide,2016.625,402.45
1454,carbon-dioxide,2016.7083,401.23
1455,carbon-dioxide,2016.7917,401.79
1456,carbon-dioxide,2016.875,403.72
1457,carbon-dioxide,2016.9583,404.64
1458,carbon-dioxide,2017.0417,406.36
1459,carbon-dioxide,2017.125,406.65
1460,carbon-dioxide,2017.2083,407.54
1461,carbon-dioxide,2017.2917,409.22
1462,carbon-dioxide,2017.375,409.89
1463,carbon-dioxide,2017.4583,409.08
1464,carbon-dioxide,2017.5417,407.33
1465,carbon-dioxide,2017.625,405.32
1466,carbon-dioxide,2017.7083,403.57
1467,carbon-dioxide,2017.7917,403.82
1468,carbon-dioxide,2017.875,405.31
1469,carbon-dioxide,2017.9583,407.0
1470,carbon-dioxide,2018.0417,408.15
1471,carbon-dioxide,2018.125,408.52
1472,carbon-dioxide,2018.2083,409.59
1473,carbon-dioxide,2018.2917,410.45
1474,carbon-dioxide,2018.375,411.44
1475,carbon-dioxide,2018.4583,410.99
1476,carbon-dioxide,2018.5417,408.9
1477,carbon-dioxide,2018.625,407.16
1478,carbon-dioxide,2018.7083,405.71
1479,carbon-dioxide,2018.7917,406.19
1480,carbon-dioxide,2018.875,408.21
1481,carbon-dioxide,2018.9583,409.27
1482,carbon-dioxide,2019.0417,411.03
1483,carbon-dioxide,2019.125,411.96
1484,carbon-dioxide,2019.2083,412.18
1485,carbon-dioxide,2019.2917,413.54
1486,carbon-dioxide,2019.375,414.86
1487,carbon-dioxide,2019.4583,414.15
1488,carbon-dioxide,2019.5417,411.96
1489,carbon-dioxide,2019.625,410.17
1490,carbon-dioxide,2019.7083,408.76
1491,carbon-dioxide,2019.7917,408.74
1492,carbon-dioxide,2019.875,410.47
1493,carbon-dioxide,2019.9583,411.97
1494,carbon-dioxide,2020.0417,413.59
1495,carbon-dioxide,2020.125,414.32
1496,carbon-dioxide,2020.2083,414.72
1497,carbon-dioxide,2020.2917,416.42
1498,carbon-dioxide,2020.375,417.28
1499,carbon-dioxide,2020.4583,416.58
1500,carbon-dioxide,2020.5417,414.58
1501,carbon-dioxide,2020.625,412.75
1502,carbon-dioxide,2020.7083,411.5
1503,carbon-dioxide,2020.7917,411.49
1504,carbon-dioxide,2020.875,413.1
1505,carbon-dioxide,2020.9583,414.23
1506,carbon-dioxide,2021.0417,415.49
1507,carbon-dioxide,2021.125,416.72
1508,carbon-dioxide,2021.2083,417.61
1509,carbon-dioxide,2021.2917,419.01
1510,carbon-dioxide,2021.375,419.09
1511,carbon-dioxide,2021.4583,418.93
1512,carbon-dioxide,2021.5417,416.9
1513,carbon-dioxide,2021.625,414.42
1514,carbon-dioxide,2021.7083,413.26
1515,carbon-dioxide,2021.7917,413.9
1516,carbon-dioxide,2021.875,414.97
1517,carbon-dioxide,2021.9583,416.67
1518,carbon-dioxide,2022.0417,418.13
1519,carbon-dioxide,2022.125,419.24
1520,carbon-dioxide,2022.2083,418.76
1521,carbon-dioxide,2022.2917,420.19
1522,carbon-dioxide,2022.375,420.97
1523,carbon-dioxide,2022.4583,420.94
1524,carbon-dioxide,2022.5417,418.85
1525,carbon-dioxide,2022.625,417.15
1526,carbon-dioxide,2022.7083,415.91
1527,carbon-dioxide,2022.7917,415.74
1528,carbon-dioxide,2022.875,417.47
1529,carbon-dioxide,2022.9583,418.99
1530,carbon-dioxide,2023.0417,419.47
1531,carbon-dioxide,2023.125,420.31
1532,carbon-dioxide,2023.2083,420.99
1533,carbon-dioxide,2023.2917,423.31
1534,carbon-dioxide,2023.375,424.0
1535,carbon-dioxide,2023.4583,423.68
1536,carbon-dioxide,2023.5417,421.83
1537,carbon-dioxide,2023.625,419.68
1538,carbon-dioxide,2023.7083,418.5
1539,carbon-dioxide,2023.7917,418.82
1540,carbon-dioxide,2023.875,420.46
1541,carbon-dioxide,2023.9583,421.86
1542,carbon-dioxide,2024.0417,422.8
1543,carbon-dioxide,2024.125,424.55
1544,carbon-dioxide,2024.2083,425.38
1545,carbon-dioxide,2024.2917,426.51
1546,carbon-dioxide,2024.375,426.9
1547,carbon-dioxide,2024.4583,426.91
1548,carbon-dioxide,2024.5417,425.55
1549,carbon-dioxide,2024.625,422.99
1550,carbon-dioxide,2024.7083,422.03
1551,carbon-dioxide,2024.7917,422.38
1552,carbon-dioxide,2024.875,423.85
1553,carbon-dioxide,2024.9583,425.4
1554,carbon-dioxide,2025.0417,426.65
1555,sea-level,1993.0387,-0.9
1556,sea-level,1993.0659,-0.5
1557,sea-level,1993.093,-0.5
1558,sea-level,1993.1202,0.7
1559,sea-level,1993.1473,2.0
1560,sea-level,1993.1746,3.2
1561,sea-level,1993.2017,4.1
1562,sea-level,1993.2289,4.5
1563,sea-level,1993.256,4.8
1564,sea-level,1993.2832,5.0
1565,sea-level,1993.3103,5.1
1566,sea-level,1993.3375,5.2
1567,sea-level,1993.3647,5.3
1568,sea-level,1993.3918,5.3
1569,sea-level,1993.4191,5.9
1570,sea-level,1993.4462,6.2
1571,sea-level,1993.4734,6.7
1572,sea-level,1993.5005,6.8
1573,sea-level,1993.5277,6.5
1574,sea-level,1993.5548,6.1
1575,sea-level,1993.582,5.7
1576,sea-level,1993.6091,5.6
1577,sea-level,1993.6364,5.5
1578,sea-level,1993.6636,5.4
1579,sea-level,1993.6907,5.2
1580,sea-level,1993.7179,5.0
1581,sea-level,1993.745,5.1
1582,sea-level,1993.7722,5.2
1583,sea-level,1993.7993,5.3
1584,sea-level,1993.8265,5.2
1585,sea-level,1993.8536,5.2
1586,sea-level,1993.8809,5.5
1587,sea-level,1993.908,6.2
1588,sea-level,1993.9352,7.1
1589,sea-level,1993.9623,7.6
1590,sea-level,1993.9895,7.4
1591,sea-level,1994.0167,7.4
1592,sea-level,1994.0438,7.0
1593,sea-level,1994.071,6.6
1594,sea-level,1994.0981,6.4
1595,sea-level,1994.1254,6.5
1596,sea-level,1994.1525,6.9
1597,sea-level,1994.1797,7.7
1598,sea-level,1994.2068,8.6
1599,sea-level,1994.234,9.3
1600,sea-level,1994.2611,9.6
1601,sea-level,1994.2883,9.3
1602,sea-level,1994.3156,9.1
1603,sea-level,1994.3427,8.6
1604,sea-level,1994.3699,8.4
1605,sea-level,1994.397,7.9
1606,sea-level,1994.4242,7.9
1607,sea-level,1994.4513,8.0
1608,sea-level,1994.4785,7.9
1609,sea-level,1994.5056,8.0
1610,sea-level,1994.5328,8.2
1611,sea-level,1994.5599,8.5
1612,sea-level,1994.5872,9.0
1613,sea-level,1994.6144,9.4
1614,sea-level,1994.6415,9.3
1615,sea-level,1994.6687,9.4
1616,sea-level,1994.6958,9.6
1617,sea-level,1994.723,9.5
1618,sea-level,1994.7501,9.5
1619,sea-level,1994.7773,9.7
1620,sea-level,1994.8044,9.9
1621,sea-level,1994.8317,9.9
1622,sea-level,1994.8588,9.7
1623,sea-level,1994.886,9.7
1624,sea-level,1994.9132,10.3
1625,sea-level,1994.9403,11.2
1626,sea-level,1994.9675,12.2
1627,sea-level,1994.9946,12.7
1628,sea-level,1995.0219,13.0
1629,sea-level,1995.049,13.2
1630,sea-level,1995.0762,12.9
1631,sea-level,1995.1033,12.5
1632,sea-level,1995.1305,12.2
1633,sea-level,1995.1576,12.4
1634,sea-level,1995.1848,12.6
1635,sea-level,1995.212,13.0
1636,sea-level,1995.2391,13.2
1637,sea-level,1995.2664,13.3
1638,sea-level,1995.2935,13.3
1639,sea-level,1995.3207,13.3
1640,sea-level,1995.3478,13.4
1641,sea-level,1995.375,13.4
1642,sea-level,1995.4021,13.6
1643,sea-level,1995.4293,13.5
1644,sea-level,1995.4564,13.0
1645,sea-level,1995.4836,12.2
1646,sea-level,1995.5109,11.8
1647,sea-level,1995.538,11.0
1648,sea-level,1995.5652,11.1
1649,sea-level,1995.5923,11.5
1650,sea-level,1995.6195,12.1
1651,sea-level,1995.6466,12.6
1652,sea-level,1995.6738,13.2
1653,sea-level,1995.7009,14.1
1654,sea-level,1995.7281,14.1
1655,sea-level,1995.7552,14.5
1656,sea-level,1995.7825,14.0
1657,sea-level,1995.8097,13.3
1658,sea-level,1995.8368,12.9
1659,sea-level,1995.864,13.0
1660,sea-level,1995.8911,13.4
1661,sea-level,1995.9183,13.7
1662,sea-level,1995.9454,13.6
1663,sea-level,1995.9727,13.6
1664,sea-level,1995.9998,13.4
1665,sea-level,1996.0269,13.1
1666,sea-level,1996.054,12.9
1667,sea-level,1996.081,13.3
1668,sea-level,1996.1082,13.6
1669,sea-level,1996.1353,14.2
1670,sea-level,1996.1624,14.5
1671,sea-level,1996.1895,14.4
1672,sea-level,1996.2166,14.0
1673,sea-level,1996.2437,13.3
1674,sea-level,1996.2708,12.5
1675,sea-level,1996.2979,12.1
1676,sea-level,1996.325,11.6
1677,sea-level,1996.352,11.9
1678,sea-level,1996.3792,12.3
1679,sea-level,1996.4061,12.7
1680,sea-level,1996.4332,13.0
1681,sea-level,1996.4603,13.1
1682,sea-level,1996.4874,13.4
1683,sea-level,1996.5145,13.7
1684,sea-level,1996.5416,13.7
1685,sea-level,1996.5687,13.4
1686,sea-level,1996.5958,12.6
1687,sea-level,1996.6229,11.9
1688,sea-level,1996.65,11.2
1689,sea-level,1996.6771,11.1
1690,sea-level,1996.7042,11.7
1691,sea-level,1996.7313,12.8
1692,sea-level,1996.7584,14.0
1693,sea-level,1996.7855,15.2
1694,sea-level,1996.8125,15.8
1695,sea-level,1996.8396,15.8
1696,sea-level,1996.8667,15.2
1697,sea-level,1996.8938,14.2
1698,sea-level,1996.9209,13.1
1699,sea-level,1996.948,12.4
1700,sea-level,1996.9751,11.6
1701,sea-level,1997.0022,11.5
1702,sea-level,1997.0294,11.7
1703,sea-level,1997.0565,12.0
1704,sea-level,1997.0837,12.4
1705,sea-level,1997.1108,12.6
1706,sea-level,1997.1381,13.0
1707,sea-level,1997.1652,13.4
1708,sea-level,1997.1924,13.9
1709,sea-level,1997.2195,14.3
1710,sea-level,1997.2467,14.6
1711,sea-level,1997.2739,14.9
1712,sea-level,1997.301,15.2
1713,sea-level,1997.3282,15.7
1714,sea-level,1997.3553,16.1
1715,sea-level,1997.3826,16.3
1716,sea-level,1997.4097,16.6
1717,sea-level,1997.4369,16.6
1718,sea-level,1997.464,17.1
1719,sea-level,1997.4912,17.9
1720,sea-level,1997.5183,18.7
1721,sea-level,1997.5455,19.3
1722,sea-level,1997.5728,19.8
1723,sea-level,1997.5999,20.3
1724,sea-level,1997.6271,20.8
1725,sea-level,1997.6542,21.3
1726,sea-level,1997.6814,21.7
1727,sea-level,1997.7085,22.1
1728,sea-level,1997.7357,22.2
1729,sea-level,1997.7628,21.9
1730,sea-level,1997.79,22.0
1731,sea-level,1997.8171,21.8
1732,sea-level,1997.8444,21.5
1733,sea-level,1997.8716,20.8
1734,sea-level,1997.8987,20.3
1735,sea-level,1997.9259,20.0
1736,sea-level,1997.953,19.6
1737,sea-level,1997.9802,19.7
1738,sea-level,1998.0073,20.0
1739,sea-level,1998.0345,20.1
1740,sea-level,1998.0616,20.0
1741,sea-level,1998.0889,19.7
1742,sea-level,1998.116,19.4
1743,sea-level,1998.1432,19.2
1744,sea-level,1998.1704,19.1
1745,sea-level,1998.1975,19.2
1746,sea-level,1998.2247,19.3
1747,sea-level,1998.2518,19.5
1748,sea-level,1998.279,19.7
1749,sea-level,1998.3062,19.7
1750,sea-level,1998.3334,19.2
1751,sea-level,1998.3605,18.2
1752,sea-level,1998.3877,17.1
1753,sea-level,1998.4148,15.8
1754,sea-level,1998.442,15.4
1755,sea-level,1998.4692,15.4
1756,sea-level,1998.4963,15.4
1757,sea-level,1998.5236,15.1
1758,sea-level,1998.5507,14.7
1759,sea-level,1998.5779,14.3
1760,sea-level,1998.605,14.2
1761,sea-level,1998.6322,13.9
1762,sea-level,1998.6593,13.6
1763,sea-level,1998.6865,13.1
1764,sea-level,1998.7136,12.6
1765,sea-level,1998.7408,12.1
1766,sea-level,1998.7681,12.0
1767,sea-level,1998.7952,12.0
1768,sea-level,1998.8224,11.8
1769,sea-level,1998.8495,11.7
1770,sea-level,1998.8767,11.8
1771,sea-level,1998.9038,12.0
1772,sea-level,1998.931,12.6
1773,sea-level,1998.9581,13.2
1774,sea-level,1998.9854,13.7
1775,sea-level,1999.0125,14.0
1776,sea-level,1999.0397,14.4
1777,sea-level,1999.0669,15.0
1778,sea-level,1999.094,15.7
1779,sea-level,1999.1212,16.0
1780,sea-level,1999.1483,16.3
1781,sea-level,1999.1755,16.2
1782,sea-level,1999.2026,16.1
1783,sea-level,1999.2299,16.2
1784,sea-level,1999.257,16.3
1785,sea-level,1999.2842,16.3
1786,sea-level,1999.3113,16.0
1787,sea-level,1999.3385,15.6
1788,sea-level,1999.3657,15.4
1789,sea-level,1999.3928,15.3
1790,sea-level,1999.42,15.4
1791,sea-level,1999.4471,15.6
1792,sea-level,1999.4744,16.0
1793,sea-level,1999.5015,16.0
1794,sea-level,1999.5287,16.2
1795,sea-level,1999.5558,16.3
1796,sea-level,1999.583,16.4
1797,sea-level,1999.6101,16.7
1798,sea-level,1999.6373,17.2
1799,sea-level,1999.6646,18.0
1800,sea-level,1999.6917,18.9
1801,sea-level,1999.7189,19.7
1802,sea-level,1999.746,20.0
1803,sea-level,1999.7732,20.5
1804,sea-level,1999.8003,20.5
1805,sea-level,1999.8275,20.4
1806,sea-level,1999.8546,20.4
1807,sea-level,1999.8818,20.7
1808,sea-level,1999.9089,21.3
1809,sea-level,1999.9362,22.0
1810,sea-level,1999.9634,22.5
1811,sea-level,1999.9905,22.7
1812,sea-level,2000.0176,22.9
1813,sea-level,2000.0447,22.9
1814,sea-level,2000.0718,22.6
1815,sea-level,2000.0989,22.3
1816,sea-level,2000.126,21.8
1817,sea-level,2000.1531,21.5
1818,sea-level,2000.1802,21.5
1819,sea-level,2000.2073,21.6
1820,sea-level,2000.2344,21.7
1821,sea-level,2000.2615,21.4
1822,sea-level,2000.2886,20.8
1823,sea-level,2000.3157,20.4
1824,sea-level,2000.3427,20.3
1825,sea-level,2000.3698,20.6
1826,sea-level,2000.3969,20.7
1827,sea-level,2000.424,20.8
1828,sea-level,2000.451,20.8
1829,sea-level,2000.4781,20.6
1830,sea-level,2000.5052,20.4
1831,sea-level,2000.5323,20.4
1832,sea-level,2000.5594,20.6
1833,sea-level,2000.5865,20.8
1834,sea-level,2000.6136,20.9
1835,sea-level,2000.6407,21.3
1836,sea-level,2000.6678,21.6
1837,sea-level,2000.695,22.6
1838,sea-level,2000.722,23.6
1839,sea-level,2000.7491,25.1
1840,sea-level,2000.7761,25.8
1841,sea-level,2000.8032,26.0
1842,sea-level,2000.8303,25.9
1843,sea-level,2000.8574,25.5
1844,sea-level,2000.8845,25.3
1845,sea-level,2000.9116,25.0
1846,sea-level,2000.9387,24.8
1847,sea-level,2000.9658,24.8
1848,sea-level,2000.9929,25.1
1849,sea-level,2001.02,25.3
1850,sea-level,2001.0472,25.4
1851,sea-level,2001.0743,25.3
1852,sea-level,2001.1016,25.2
1853,sea-level,2001.1288,25.4
1854,sea-level,2001.1559,25.9
1855,sea-level,2001.1831,26.6
1856,sea-level,2001.2102,26.9
1857,sea-level,2001.2374,27.3
1858,sea-level,2001.2645,27.4
1859,sea-level,2001.2917,27.3
1860,sea-level,2001.3188,27.3
1861,sea-level,2001.3461,27.3
1862,sea-level,2001.3732,27.3
1863,sea-level,2001.4004,27.4
1864,sea-level,2001.4276,27.7
1865,sea-level,2001.4547,28.4
1866,sea-level,2001.4819,29.2
1867,sea-level,2001.509,29.9
1868,sea-level,2001.5363,30.2
1869,sea-level,2001.5634,29.9
1870,sea-level,2001.5906,29.4
1871,sea-level,2001.6177,29.1
1872,sea-level,2001.6449,29.2
1873,sea-level,2001.672,29.7
1874,sea-level,2001.6992,30.3
1875,sea-level,2001.7264,30.5
1876,sea-level,2001.7535,30.3
1877,sea-level,2001.7808,29.9
1878,sea-level,2001.8079,29.7
1879,sea-level,2001.8351,29.8
1880,sea-level,2001.8622,29.8
1881,sea-level,2001.8894,29.6
1882,sea-level,2001.9165,29.3
1883,sea-level,2001.9437,29.1
1884,sea-level,2001.9708,29.1
1885,sea-level,2001.998,29.3
1886,sea-level,2002.0253,29.5
1887,sea-level,2002.0524,29.6
1888,sea-level,2002.0796,29.8
1889,sea-level,2002.1067,29.9
1890,sea-level,2002.1339,30.0
1891,sea-level,2002.161,29.9
1892,sea-level,2002.1882,29.6
1893,sea-level,2002.2153,29.3
1894,sea-level,2002.2426,29.0
1895,sea-level,2002.2697,28.9
1896,sea-level,2002.2969,28.9
1897,sea-level,2002.3241,29.0
1898,sea-level,2002.3512,29.1
1899,sea-level,2002.3784,29.0
1900,sea-level,2002.4055,28.8
1901,sea-level,2002.4327,28.7
1902,sea-level,2002.4598,28.8
1903,sea-level,2002.487,28.9
1904,sea-level,2002.5142,29.2
1905,sea-level,2002.5414,29.5
1906,sea-level,2002.5685,29.9
1907,sea-level,2002.5957,30.1
1908,sea-level,2002.6229,30.1
1909,sea-level,2002.65,29.8
1910,sea-level,2002.6772,29.5
1911,sea-level,2002.7043,29.4
1912,sea-level,2002.7316,29.7
1913,sea-level,2002.7587,30.2
1914,sea-level,2002.7859,30.9
1915,sea-level,2002.813,31.4
1916,sea-level,2002.8402,31.5
1917,sea-level,2002.8673,31.3
1918,sea-level,2002.8945,30.8
1919,sea-level,2002.9218,30.3
1920,sea-level,2002.9489,29.9
1921,sea-level,2002.9761,29.7
1922,sea-level,2003.0032,29.9
1923,sea-level,2003.0304,30.5
1924,sea-level,2003.0575,31.4
1925,sea-level,2003.0847,32.1
1926,sea-level,2003.1118,32.3
1927,sea-level,2003.139,32.2
1928,sea-level,2003.1661,31.9
1929,sea-level,2003.1934,31.8
1930,sea-level,2003.2205,31.9
1931,sea-level,2003.2477,32.0
1932,sea-level,2003.2749,32.0
1933,sea-level,2003.302,31.8
1934,sea-level,2003.3292,31.7
1935,sea-level,2003.3563,31.5
1936,sea-level,2003.3835,31.3
1937,sea-level,2003.4106,31.2
1938,sea-level,2003.4379,31.1
1939,sea-level,2003.465,31.0
1940,sea-level,2003.4922,30.9
1941,sea-level,2003.5193,30.9
1942,sea-level,2003.5465,30.8
1943,sea-level,2003.5737,30.6
1944,sea-level,2003.6008,30.5
1945,sea-level,2003.628,30.6
1946,sea-level,2003.6552,30.9
1947,sea-level,2003.6824,31.3
1948,sea-level,2003.7095,31.6
1949,sea-level,2003.7367,31.8
1950,sea-level,2003.7638,31.9
1951,sea-level,2003.791,31.8
1952,sea-level,2003.8181,31.6
1953,sea-level,2003.8453,31.3
1954,sea-level,2003.8726,31.0
1955,sea-level,2003.8997,31.0
1956,sea-level,2003.9269,31.4
1957,sea-level,2003.954,31.9
1958,sea-level,2003.9812,32.6
1959,sea-level,2004.0083,33.2
1960,sea-level,2004.0354,33.6
1961,sea-level,2004.0625,33.7
1962,sea-level,2004.0896,33.4
1963,sea-level,2004.1167,32.9
1964,sea-level,2004.1438,32.6
1965,sea-level,2004.1709,32.6
1966,sea-level,2004.198,32.8
1967,sea-level,2004.2251,33.1
1968,sea-level,2004.2522,33.2
1969,sea-level,2004.2792,33.0
1970,sea-level,2004.3063,32.5
1971,sea-level,2004.3334,31.7
1972,sea-level,2004.3605,30.9
1973,sea-level,2004.3876,30.4
1974,sea-level,2004.4147,30.5
1975,sea-level,2004.4418,31.1
1976,sea-level,2004.4689,32.0
1977,sea-level,2004.496,32.8
1978,sea-level,2004.5231,33.2
1979,sea-level,2004.5502,33.3
1980,sea-level,2004.5773,33.2
1981,sea-level,2004.6044,33.2
1982,sea-level,2004.6315,33.4
1983,sea-level,2004.6586,33.8
1984,sea-level,2004.6857,34.1
1985,sea-level,2004.7126,34.2
1986,sea-level,2004.7397,34.2
1987,sea-level,2004.7668,34.0
1988,sea-level,2004.794,33.8
1989,sea-level,2004.821,33.7
1990,sea-level,2004.8481,33.8
1991,sea-level,2004.8752,34.0
1992,sea-level,2004.9023,34.3
1993,sea-level,2004.9294,34.8
1994,sea-level,2004.9565,35.1
1995,sea-level,2004.9836,35.2
1996,sea-level,2005.0107,35.3
1997,sea-level,2005.038,35.4
1998,sea-level,2005.0651,35.9
1999,sea-level,2005.0923,36.5
2000,sea-level,2005.1194,37.2
2001,sea-level,2005.1466,37.7
2002,sea-level,2005.1737,38.0
2003,sea-level,2005.2009,38.0
2004,sea-level,2005.228,37.8
2005,sea-level,2005.2552,37.7
2006,sea-level,2005.2823,37.6
2007,sea-level,2005.3096,37.8
2008,sea-level,2005.3368,38.0
2009,sea-level,2005.3639,38.4
2010,sea-level,2005.3911,38.7
2011,sea-level,2005.4182,38.8
2012,sea-level,2005.4454,38.7
2013,sea-level,2005.4725,38.5
2014,sea-level,2005.4998,38.2
2015,sea-level,2005.5269,37.8
2016,sea-level,2005.5541,37.5
2017,sea-level,2005.5812,37.1
2018,sea-level,2005.6084,36.8
2019,sea-level,2005.6356,36.7
2020,sea-level,2005.6627,36.8
2021,sea-level,2005.69,37.0
2022,sea-level,2005.717,37.2
2023,sea-level,2005.7443,37.3
2024,sea-level,2005.7714,37.4
2025,sea-level,2005.7986,37.6
2026,sea-level,2005.8257,38.1
2027,sea-level,2005.8529,38.7
2028,sea-level,2005.88,39.2
2029,sea-level,2005.9072,39.4
2030,sea-level,2005.9344,39.3
2031,sea-level,2005.9615,38.9
2032,sea-level,2005.9888,38.4
2033,sea-level,2006.0159,37.9
2034,sea-level,2006.0431,37.3
2035,sea-level,2006.0702,37.0
2036,sea-level,2006.0974,36.9
2037,sea-level,2006.1245,36.9
2038,sea-level,2006.1517,36.9
2039,sea-level,2006.1788,36.7
2040,sea-level,2006.206,36.5
2041,sea-level,2006.2333,36.3
2042,sea-level,2006.2604,36.2
2043,sea-level,2006.2876,36.4
2044,sea-level,2006.3147,36.9
2045,sea-level,2006.3419,37.6
2046,sea-level,2006.369,38.5
2047,sea-level,2006.3962,39.3
2048,sea-level,2006.4233,39.9
2049,sea-level,2006.4506,40.3
2050,sea-level,2006.4777,40.6
2051,sea-level,2006.5049,40.7
2052,sea-level,2006.5321,40.6
2053,sea-level,2006.5592,40.2
2054,sea-level,2006.5864,39.7
2055,sea-level,2006.6135,39.4
2056,sea-level,2006.6407,39.5
2057,sea-level,2006.6678,39.9
2058,sea-level,2006.6951,40.3
2059,sea-level,2006.7222,40.5
2060,sea-level,2006.7494,40.5
2061,sea-level,2006.7765,40.6
2062,sea-level,2006.8037,40.8
2063,sea-level,2006.8309,40.8
2064,sea-level,2006.8853,40.3
2065,sea-level,2006.9124,40.0
2066,sea-level,2006.9396,39.9
2067,sea-level,2006.9667,39.7
2068,sea-level,2006.9939,39.5
2069,sea-level,2007.021,39.3
2070,sea-level,2007.0482,38.9
2071,sea-level,2007.0753,39.0
2072,sea-level,2007.1025,39.3
2073,sea-level,2007.1298,39.7
2074,sea-level,2007.1569,40.1
2075,sea-level,2007.1841,40.2
2076,sea-level,2007.2112,40.3
2077,sea-level,2007.2384,40.5
2078,sea-level,2007.2655,40.7
2079,sea-level,2007.2927,40.8
2080,sea-level,2007.3198,40.7
2081,sea-level,2007.347,40.4
2082,sea-level,2007.3741,40.2
2083,sea-level,2007.4014,40.1
2084,sea-level,2007.4286,40.1
2085,sea-level,2007.4557,39.9
2086,sea-level,2007.4829,39.6
2087,sea-level,2007.51,39.2
2088,sea-level,2007.5372,38.7
2089,sea-level,2007.5643,38.2
2090,sea-level,2007.5916,37.9
2091,sea-level,2007.6187,37.7
2092,sea-level,2007.6459,37.4
2093,sea-level,2007.673,37.2
2094,sea-level,2007.7002,37.1
2095,sea-level,2007.7274,37.3
2096,sea-level,2007.7545,37.7
2097,sea-level,2007.7817,38.1
2098,sea-level,2007.8088,38.6
2099,sea-level,2007.836,39.3
2100,sea-level,2007.8632,39.9
2101,sea-level,2007.8904,40.3
2102,sea-level,2007.9175,40.3
2103,sea-level,2007.9447,39.8
2104,sea-level,2007.9718,39.3
2105,sea-level,2007.999,38.9
2106,sea-level,2008.0261,38.8
2107,sea-level,2008.0532,38.9
2108,sea-level,2008.0803,38.8
2109,sea-level,2008.1074,38.6
2110,sea-level,2008.1345,38.4
2111,sea-level,2008.1616,38.3
2112,sea-level,2008.1887,38.4
2113,sea-level,2008.2158,38.6
2114,sea-level,2008.2428,38.6
2115,sea-level,2008.2699,38.7
2116,sea-level,2008.297,39.0
2117,sea-level,2008.3241,39.6
2118,sea-level,2008.3512,40.7
2119,sea-level,2008.3783,42.0
2120,sea-level,2008.4054,43.2
2121,sea-level,2008.4325,44.0
2122,sea-level,2008.4596,44.4
2123,sea-level,2008.4867,44.3
2124,sea-level,2008.5138,44.0
2125,sea-level,2008.5409,43.5
2126,sea-level,2008.568,42.9
2127,sea-level,2008.5951,42.4
2128,sea-level,2008.6222,41.9
2129,sea-level,2008.6493,41.6
2130,sea-level,2008.6763,41.3
2131,sea-level,2008.7034,41.2
2132,sea-level,2008.7305,41.3
2133,sea-level,2008.7576,41.6
2134,sea-level,2008.7847,41.8
2135,sea-level,2008.8118,42.0
2136,sea-level,2008.8389,42.3
2137,sea-level,2008.866,42.5
2138,sea-level,2008.8931,42.8
2139,sea-level,2008.9202,42.8
2140,sea-level,2008.9473,42.6
2141,sea-level,2008.9744,42.4
2142,sea-level,2009.0015,42.2
2143,sea-level,2009.0286,42.3
2144,sea-level,2009.0558,42.4
2145,sea-level,2009.0829,42.6
2146,sea-level,2009.1101,42.9
2147,sea-level,2009.1372,43.3
2148,sea-level,2009.1644,43.8
2149,sea-level,2009.1917,44.3
2150,sea-level,2009.2188,44.6
2151,sea-level,2009.246,44.8
2152,sea-level,2009.2731,44.8
2153,sea-level,2009.3003,44.8
2154,sea-level,2009.3274,44.7
2155,sea-level,2009.3546,44.7
2156,sea-level,2009.3817,44.7
2157,sea-level,2009.4089,44.8
2158,sea-level,2009.436,44.9
2159,sea-level,2009.4633,44.9
2160,sea-level,2009.4905,45.1
2161,sea-level,2009.5176,45.3
2162,sea-level,2009.5448,45.8
2163,sea-level,2009.5719,46.2
2164,sea-level,2009.5991,46.5
2165,sea-level,2009.6262,46.8
2166,sea-level,2009.6534,47.1
2167,sea-level,2009.6805,47.4
2168,sea-level,2009.7078,47.9
2169,sea-level,2009.7349,48.4
2170,sea-level,2009.7621,48.9
2171,sea-level,2009.7893,49.5
2172,sea-level,2009.8164,49.9
2173,sea-level,2009.8436,50.2
2174,sea-level,2009.8707,50.1
2175,sea-level,2009.898,49.7
2176,sea-level,2009.925,49.3
2177,sea-level,2009.9523,49.0
2178,sea-level,2009.9794,48.7
2179,sea-level,2010.0066,48.4
2180,sea-level,2010.0337,48.2
2181,sea-level,2010.0609,48.1
2182,sea-level,2010.0881,48.4
2183,sea-level,2010.1152,49.1
2184,sea-level,2010.1425,49.7
2185,sea-level,2010.1696,49.8
2186,sea-level,2010.1968,49.5
2187,sea-level,2010.2239,49.0
2188,sea-level,2010.2511,48.7
2189,sea-level,2010.2782,48.6
2190,sea-level,2010.3054,48.8
2191,sea-level,2010.3325,49.2
2192,sea-level,2010.3597,49.8
2193,sea-level,2010.387,50.6
2194,sea-level,2010.4141,51.1
2195,sea-level,2010.4413,51.4
2196,sea-level,2010.4684,51.2
2197,sea-level,2010.4956,50.7
2198,sea-level,2010.5227,49.8
2199,sea-level,2010.5499,48.8
2200,sea-level,2010.577,47.6
2201,sea-level,2010.6042,46.4
2202,sea-level,2010.6313,45.3
2203,sea-level,2010.6586,44.4
2204,sea-level,2010.6858,43.8
2205,sea-level,2010.7129,43.5
2206,sea-level,2010.7401,43.4
2207,sea-level,2010.7672,43.6
2208,sea-level,2010.7944,43.8
2209,sea-level,2010.8215,43.8
2210,sea-level,2010.8488,43.6
2211,sea-level,2010.8759,43.2
2212,sea-level,2010.9031,43.0
2213,sea-level,2010.9302,42.9
2214,sea-level,2010.9574,43.1
2215,sea-level,2010.9846,43.2
2216,sea-level,2011.0117,43.3
2217,sea-level,2011.039,43.3
2218,sea-level,2011.066,43.4
2219,sea-level,2011.0933,43.5
2220,sea-level,2011.1204,43.5
2221,sea-level,2011.1476,43.3
2222,sea-level,2011.1747,43.0
2223,sea-level,2011.2019,42.5
2224,sea-level,2011.229,42.1
2225,sea-level,2011.2562,42.0
2226,sea-level,2011.2834,42.1
2227,sea-level,2011.3105,42.4
2228,sea-level,2011.3378,43.0
2229,sea-level,2011.3649,43.9
2230,sea-level,2011.3921,45.0
2231,sea-level,2011.4192,46.1
2232,sea-level,2011.4464,47.1
2233,sea-level,2011.4735,47.6
2234,sea-level,2011.5007,47.8
2235,sea-level,2011.5278,47.7
2236,sea-level,2011.555,47.8
2237,sea-level,2011.5823,48.0
2238,sea-level,2011.6094,48.4
2239,sea-level,2011.6366,48.7
2240,sea-level,2011.6637,48.7
2241,sea-level,2011.6909,48.6
2242,sea-level,2011.718,48.5
2243,sea-level,2011.7452,48.6
2244,sea-level,2011.7723,48.6
2245,sea-level,2011.7996,48.5
2246,sea-level,2011.8267,48.2
2247,sea-level,2011.8539,48.0
2248,sea-level,2011.8811,48.2
2249,sea-level,2011.9082,48.8
2250,sea-level,2011.9354,49.4
2251,sea-level,2011.9625,50.2
2252,sea-level,2011.9897,50.9
2253,sea-level,2012.0168,51.7
2254,sea-level,2012.044,52.5
2255,sea-level,2012.071,53.1
2256,sea-level,2012.0981,53.5
2257,sea-level,2012.1252,53.6
2258,sea-level,2012.1523,53.4
2259,sea-level,2012.1793,53.2
2260,sea-level,2012.2064,53.0
2261,sea-level,2012.2335,53.0
2262,sea-level,2012.2606,53.3
2263,sea-level,2012.2877,53.6
2264,sea-level,2012.3148,54.0
2265,sea-level,2012.3419,54.4
2266,sea-level,2012.369,54.9
2267,sea-level,2012.3961,55.6
2268,sea-level,2012.4232,56.4
2269,sea-level,2012.4503,57.2
2270,sea-level,2012.4774,57.9
2271,sea-level,2012.5045,58.6
2272,sea-level,2012.5316,59.0
2273,sea-level,2012.5587,59.0
2274,sea-level,2012.5858,58.8
2275,sea-level,2012.6128,58.3
2276,sea-level,2012.6399,58.0
2277,sea-level,2012.667,58.1
2278,sea-level,2012.6941,58.6
2279,sea-level,2012.7212,59.1
2280,sea-level,2012.7483,59.5
2281,sea-level,2012.7754,59.7
2282,sea-level,2012.8025,59.8
2283,sea-level,2012.8296,59.8
2284,sea-level,2012.8567,60.0
2285,sea-level,2012.8838,60.4
2286,sea-level,2012.9109,60.8
2287,sea-level,2012.938,61.1
2288,sea-level,2012.9651,61.2
2289,sea-level,2012.9922,61.2
2290,sea-level,2013.0193,61.3
2291,sea-level,2013.0465,61.4
2292,sea-level,2013.0736,61.5
2293,sea-level,2013.1008,61.5
2294,sea-level,2013.1279,61.5
2295,sea-level,2013.1552,61.5
2296,sea-level,2013.1823,61.4
2297,sea-level,2013.2095,61.2
2298,sea-level,2013.2366,60.8
2299,sea-level,2013.2638,60.2
2300,sea-level,2013.2909,59.6
2301,sea-level,2013.3181,59.1
2302,sea-level,2013.3453,58.7
2303,sea-level,2013.3724,58.4
2304,sea-level,2013.3997,58.1
2305,sea-level,2013.4268,58.0
2306,sea-level,2013.454,57.9
2307,sea-level,2013.4811,57.9
2308,sea-level,2013.5083,57.8
2309,sea-level,2013.5354,57.6
2310,sea-level,2013.5626,57.4
2311,sea-level,2013.5897,57.0
2312,sea-level,2013.617,56.7
2313,sea-level,2013.644,56.6
2314,sea-level,2013.6713,56.7
2315,sea-level,2013.6985,57.0
2316,sea-level,2013.7256,57.3
2317,sea-level,2013.7528,57.7
2318,sea-level,2013.7799,58.2
2319,sea-level,2013.8071,58.8
2320,sea-level,2013.8342,59.3
2321,sea-level,2013.8615,59.7
2322,sea-level,2013.8885,59.7
2323,sea-level,2013.9158,59.5
2324,sea-level,2013.9429,59.3
2325,sea-level,2013.9701,59.3
2326,sea-level,2013.9973,59.6
2327,sea-level,2014.0244,60.1
2328,sea-level,2014.0516,60.8
2329,sea-level,2014.0787,61.5
2330,sea-level,2014.106,62.1
2331,sea-level,2014.133,62.7
2332,sea-level,2014.1603,63.0
2333,sea-level,2014.1874,63.0
2334,sea-level,2014.2146,62.8
2335,sea-level,2014.2417,62.2
2336,sea-level,2014.2689,61.4
2337,sea-level,2014.2961,60.7
2338,sea-level,2014.3232,60.2
2339,sea-level,2014.3505,60.0
2340,sea-level,2014.3776,60.2
2341,sea-level,2014.4048,60.6
2342,sea-level,2014.4319,61.2
2343,sea-level,2014.4591,61.9
2344,sea-level,2014.4862,62.5
2345,sea-level,2014.5134,63.0
2346,sea-level,2014.5405,63.3
2347,sea-level,2014.5677,63.6
2348,sea-level,2014.595,63.8
2349,sea-level,2014.6221,63.8
2350,sea-level,2014.6493,63.7
2351,sea-level,2014.6764,63.4
2352,sea-level,2014.7036,63.1
2353,sea-level,2014.7307,62.9
2354,sea-level,2014.7579,63.0
2355,sea-level,2014.785,63.1
2356,sea-level,2014.8123,63.2
2357,sea-level,2014.8394,63.0
2358,sea-level,2014.8666,63.0
2359,sea-level,2014.8938,63.3
2360,sea-level,2014.9209,63.9
2361,sea-level,2014.9481,64.6
2362,sea-level,2014.9752,65.1
2363,sea-level,2015.0024,65.5
2364,sea-level,2015.0295,66.0
2365,sea-level,2015.0568,66.8
2366,sea-level,2015.0839,67.8
2367,sea-level,2015.1111,68.9
2368,sea-level,2015.1382,69.6
2369,sea-level,2015.1654,69.9
2370,sea-level,2015.1926,70.0
2371,sea-level,2015.2197,70.1
2372,sea-level,2015.247,70.2
2373,sea-level,2015.274,70.3
2374,sea-level,2015.3013,70.4
2375,sea-level,2015.3284,70.5
2376,sea-level,2015.3556,70.7
2377,sea-level,2015.3827,71.2
2378,sea-level,2015.4099,71.9
2379,sea-level,2015.437,72.9
2380,sea-level,2015.4642,73.8
2381,sea-level,2015.4915,74.6
2382,sea-level,2015.5186,75.2
2383,sea-level,2015.5458,75.5
2384,sea-level,2015.5729,75.7
2385,sea-level,2015.6001,75.9
2386,sea-level,2015.6272,76.2
2387,sea-level,2015.6544,76.5
2388,sea-level,2015.6815,76.7
2389,sea-level,2015.7087,76.8
2390,sea-level,2015.7358,77.0
2391,sea-level,2015.7631,77.2
2392,sea-level,2015.7903,77.5
2393,sea-level,2015.8174,77.5
2394,sea-level,2015.8446,77.4
2395,sea-level,2015.8717,77.0
2396,sea-level,2015.8989,76.6
2397,sea-level,2015.926,76.1
2398,sea-level,2015.9532,75.7
2399,sea-level,2015.9803,75.5
2400,sea-level,2016.0076,75.8
2401,sea-level,2016.0347,76.5
2402,sea-level,2016.0618,77.2
2403,sea-level,2016.0889,77.8
2404,sea-level,2016.116,78.1
2405,sea-level,2016.143,78.3
2406,sea-level,2016.17,78.3
2407,sea-level,2016.1971,78.2
2408,sea-level,2016.2242,77.8
2409,sea-level,2016.2513,77.1
2410,sea-level,2016.2784,76.3
2411,sea-level,2016.3055,75.4
2412,sea-level,2016.3326,74.7
2413,sea-level,2016.3597,74.2
2414,sea-level,2016.3868,74.1
2415,sea-level,2016.414,74.3
2416,sea-level,2016.441,74.6
2417,sea-level,2016.4681,74.7
2418,sea-level,2016.4952,74.4
2419,sea-level,2016.5223,73.8
2420,sea-level,2016.5493,73.0
2421,sea-level,2016.5764,72.2
2422,sea-level,2016.6035,71.7
2423,sea-level,2016.6306,71.5
2424,sea-level,2016.6577,71.5
2425,sea-level,2016.6848,71.6
2426,sea-level,2016.7119,71.5
2427,sea-level,2016.739,71.5
2428,sea-level,2016.7661,71.7
2429,sea-level,2016.7932,72.2
2430,sea-level,2016.8203,72.9
2431,sea-level,2016.8474,73.7
2432,sea-level,2016.8745,74.3
2433,sea-level,2016.9016,74.5
2434,sea-level,2016.9287,74.3
2435,sea-level,2016.9558,73.7
2436,sea-level,2016.9828,73.1
2437,sea-level,2017.01,72.6
2438,sea-level,2017.0371,72.2
2439,sea-level,2017.0643,72.0
2440,sea-level,2017.0914,71.9
2441,sea-level,2017.1187,72.0
2442,sea-level,2017.1458,72.4
2443,sea-level,2017.173,72.9
2444,sea-level,2017.2001,73.5
2445,sea-level,2017.2273,74.0
2446,sea-level,2017.2545,74.3
2447,sea-level,2017.2816,74.4
2448,sea-level,2017.3088,74.2
2449,sea-level,2017.3359,73.8
2450,sea-level,2017.3632,73.5
2451,sea-level,2017.3903,73.3
2452,sea-level,2017.4175,73.3
2453,sea-level,2017.4446,73.4
2454,sea-level,2017.4718,73.5
2455,sea-level,2017.4989,73.7
2456,sea-level,2017.5261,74.0
2457,sea-level,2017.5533,74.3
2458,sea-level,2017.5804,74.7
2459,sea-level,2017.6077,75.0
2460,sea-level,2017.6348,75.1
2461,sea-level,2017.662,75.2
2462,sea-level,2017.6891,75.0
2463,sea-level,2017.7163,74.8
2464,sea-level,2017.7434,74.5
2465,sea-level,2017.7706,74.4
2466,sea-level,2017.7977,74.7
2467,sea-level,2017.825,75.4
2468,sea-level,2017.8522,76.2
2469,sea-level,2017.8793,76.9
2470,sea-level,2017.9065,77.4
2471,sea-level,2017.9336,77.4
2472,sea-level,2017.9608,77.1
2473,sea-level,2017.9879,76.6
2474,sea-level,2018.0151,76.3
2475,sea-level,2018.0422,76.2
2476,sea-level,2018.0695,76.2
2477,sea-level,2018.0966,76.0
2478,sea-level,2018.1238,75.8
2479,sea-level,2018.151,75.7
2480,sea-level,2018.1781,75.6
2481,sea-level,2018.2053,75.5
2482,sea-level,2018.2324,75.4
2483,sea-level,2018.2596,75.3
2484,sea-level,2018.2867,75.4
2485,sea-level,2018.314,75.6
2486,sea-level,2018.3411,75.9
2487,sea-level,2018.3683,76.3
2488,sea-level,2018.3954,76.6
2489,sea-level,2018.4226,76.8
2490,sea-level,2018.4498,77.0
2491,sea-level,2018.4769,77.0
2492,sea-level,2018.5042,77.2
2493,sea-level,2018.5312,77.4
2494,sea-level,2018.5585,77.5
2495,sea-level,2018.5856,77.5
2496,sea-level,2018.6128,77.7
2497,sea-level,2018.6399,78.1
2498,sea-level,2018.6671,78.7
2499,sea-level,2018.6942,79.4
2500,sea-level,2018.7214,80.0
2501,sea-level,2018.7487,80.5
2502,sea-level,2018.7758,80.7
2503,sea-level,2018.803,80.8
2504,sea-level,2018.8301,80.6
2505,sea-level,2018.8573,80.2
2506,sea-level,2018.8844,79.8
2507,sea-level,2018.9116,79.5
2508,sea-level,2018.9387,79.4
2509,sea-level,2018.966,79.6
2510,sea-level,2018.993,80.1
2511,sea-level,2019.0203,80.7
2512,sea-level,2019.0475,81.4
2513,sea-level,2019.0746,82.0
2514,sea-level,2019.1018,82.4
2515,sea-level,2019.1289,82.7
2516,sea-level,2019.1561,82.9
2517,sea-level,2019.1832,83.2
2518,sea-level,2019.2104,83.2
2519,sea-level,2019.2375,83.2
2520,sea-level,2019.2648,83.2
2521,sea-level,2019.2919,83.4
2522,sea-level,2019.3191,83.8
2523,sea-level,2019.3463,84.3
2524,sea-level,2019.3734,84.6
2525,sea-level,2019.4006,84.8
2526,sea-level,2019.4277,85.0
2527,sea-level,2019.455,85.2
2528,sea-level,2019.482,85.3
2529,sea-level,2019.5093,85.4
2530,sea-level,2019.5364,85.6
2531,sea-level,2019.5636,85.9
2532,sea-level,2019.5907,86.3
2533,sea-level,2019.6179,86.9
2534,sea-level,2019.6451,87.3
2535,sea-level,2019.6722,87.4
2536,sea-level,2019.6995,87.1
2537,sea-level,2019.7266,86.6
2538,sea-level,2019.7538,86.0
2539,sea-level,2019.7809,85.6
2540,sea-level,2019.8081,85.4
2541,sea-level,2019.8352,85.7
2542,sea-level,2019.8624,86.1
2543,sea-level,2019.8895,86.4
2544,sea-level,2019.9167,86.5
2545,sea-level,2019.944,86.3
2546,sea-level,2019.9711,85.7
2547,sea-level,2019.9983,84.9
2548,sea-level,2020.0254,84.0
2549,sea-level,2020.0525,83.3
2550,sea-level,2020.0795,83.0
2551,sea-level,2020.1066,83.2
2552,sea-level,2020.1337,83.7
2553,sea-level,2020.1608,84.3
2554,sea-level,2020.1879,84.8
2555,sea-level,2020.215,85.0
2556,sea-level,2020.2421,84.9
2557,sea-level,2020.2692,85.0
2558,sea-level,2020.2963,85.1
2559,sea-level,2020.3234,85.5
2560,sea-level,2020.3505,85.8
2561,sea-level,2020.3776,85.9
2562,sea-level,2020.4047,85.8
2563,sea-level,2020.4318,85.7
2564,sea-level,2020.4589,85.6
2565,sea-level,2020.486,85.6
2566,sea-level,2020.513,85.7
2567,sea-level,2020.54,85.7
2568,sea-level,2020.5671,85.6
2569,sea-level,2020.5942,85.4
2570,sea-level,2020.6213,85.3
2571,sea-level,2020.6484,85.4
2572,sea-level,2020.6755,85.5
2573,sea-level,2020.7026,85.7
2574,sea-level,2020.7297,85.8
2575,sea-level,2020.7568,86.0
2576,sea-level,2020.7839,86.1
2577,sea-level,2020.811,86.2
2578,sea-level,2020.8381,86.1
2579,sea-level,2020.8652,85.9
2580,sea-level,2020.8923,85.6
2581,sea-level,2020.9194,85.6
2582,sea-level,2020.9464,85.8
2583,sea-level,2020.9735,86.2
2584,sea-level,2021.0006,86.7
2585,sea-level,2021.0278,87.2
2586,sea-level,2021.0549,87.3
2587,sea-level,2021.0822,87.0
2588,sea-level,2021.1094,86.5
2589,sea-level,2021.1365,86.0
2590,sea-level,2021.1637,85.9
2591,sea-level,2021.1908,86.2
2592,sea-level,2021.218,86.9
2593,sea-level,2021.2451,87.6
2594,sea-level,2021.2723,88.2
2595,sea-level,2021.2994,88.5
2596,sea-level,2021.3267,88.6
2597,sea-level,2021.3538,88.6
2598,sea-level,2021.381,88.7
2599,sea-level,2021.4082,88.7
2600,sea-level,2021.4353,88.7
2601,sea-level,2021.4625,88.8
2602,sea-level,2021.4896,89.0
2603,sea-level,2021.5168,89.3
2604,sea-level,2021.544,89.6
2605,sea-level,2021.5712,89.9
2606,sea-level,2021.5983,90.1
2607,sea-level,2021.6255,90.2
2608,sea-level,2021.6526,90.2
2609,sea-level,2021.6798,90.2
2610,sea-level,2021.707,90.3
2611,sea-level,2021.7341,90.5
2612,sea-level,2021.7614,90.6
2613,sea-level,2021.7885,90.6
2614,sea-level,2021.8157,90.4
2615,sea-level,2021.8428,90.2
2616,sea-level,2021.87,90.1
2617,sea-level,2021.8971,90.1
2618,sea-level,2021.9243,90.2
2619,sea-level,2021.9514,90.3
2620,sea-level,2021.9786,90.6
2621,sea-level,2022.0059,91.0
2622,sea-level,2022.033,91.4
2623,sea-level,2022.0602,91.5
2624,sea-level,2022.0873,91.2
2625,sea-level,2022.1145,90.6
2626,sea-level,2022.1416,89.8
2627,sea-level,2022.1688,89.3
2628,sea-level,2022.1959,89.3
2629,sea-level,2022.2231,89.6
2630,sea-level,2022.2502,90.1
2631,sea-level,2022.2775,90.5
2632,sea-level,2022.3046,90.5
2633,sea-level,2022.3318,90.2
2634,sea-level,2022.359,89.7
2635,sea-level,2022.3861,89.3
2636,sea-level,2022.4133,89.2
2637,sea-level,2022.4404,89.6
2638,sea-level,2022.4677,90.3
2639,sea-level,2022.4948,91.0
2640,sea-level,2022.522,91.4
2641,sea-level,2022.5491,91.5
2642,sea-level,2022.5763,91.4
2643,sea-level,2022.6034,91.3
2644,sea-level,2022.6306,91.5
2645,sea-level,2022.6578,91.8
2646,sea-level,2022.6849,92.0
2647,sea-level,2022.7122,92.1
2648,sea-level,2022.7393,92.0
2649,sea-level,2022.7665,91.9
2650,sea-level,2022.7936,91.7
2651,sea-level,2022.8208,91.4
2652,sea-level,2022.8479,91.2
2653,sea-level,2022.8751,91.1
2654,sea-level,2022.9022,91.3
2655,sea-level,2022.9294,92.0
2656,sea-level,2022.9567,92.8
2657,sea-level,2022.9838,93.4
2658,sea-level,2023.011,93.7
2659,sea-level,2023.0381,93.7
2660,sea-level,2023.0653,93.6
2661,sea-level,2023.0924,93.5
2662,sea-level,2023.1196,93.4
2663,sea-level,2023.1467,93.3
2664,sea-level,2023.174,93.2
2665,sea-level,2023.201,93.1
2666,sea-level,2023.2283,92.9
2667,sea-level,2023.2555,92.7
2668,sea-level,2023.2826,92.8
2669,sea-level,2023.3098,93.3
2670,sea-level,2023.3369,94.1
2671,sea-level,2023.3641,95.0
2672,sea-level,2023.3912,96.0
2673,sea-level,2023.4185,96.8
2674,sea-level,2023.4456,97.7
2675,sea-level,2023.4728,98.5
2676,sea-level,2023.4999,99.4
2677,sea-level,2023.5271,100.3
2678,sea-level,2023.5543,101.0
2679,sea-level,2023.5814,101.6
2680,sea-level,2023.6086,101.9
2681,sea-level,2023.6357,102.0
2682,sea-level,2023.663,102.0
2683,sea-level,2023.6901,102.2
2684,sea-level,2023.7173,102.8
2685,sea-level,2023.7444,103.6
2686,sea-level,2023.7716,104.3
2687,sea-level,2023.7987,104.5
2688,sea-level,2023.8259,104.3
2689,sea-level,2023.8531,103.9
2690,sea-level,2023.8802,103.5
2691,sea-level,2023.9075,103.3
2692,sea-level,2023.9346,103.2
2693,sea-level,2023.9618,103.2
2694,sea-level,2023.9889,103.1
2695,sea-level,2024.016,103.0
2696,sea-level,2024.0431,102.9
2697,sea-level,2024.0702,103.0
2698,sea-level,2024.0973,103.3
2699,sea-level,2024.1244,103.9
2700,sea-level,2024.1515,104.7
2701,sea-level,2024.1786,105.3
2702,sea-level,2024.2057,105.6
2703,sea-level,2024.2328,105.3
2704,sea-level,2024.2599,104.6
2705,sea-level,2024.287,104.0
2706,sea-level,2024.3141,103.8
2707,sea-level,2024.3412,104.1
2708,sea-level,2024.3683,104.6
2709,sea-level,2024.3954,105.0
2710,sea-level,2024.4225,105.0
2711,sea-level,2024.4495,104.6
2712,sea-level,2024.4766,103.8
2713,sea-level,2024.5037,102.9
2714,sea-level,2024.5308,102.0
2715,sea-level,2024.5579,101.1
2716,sea-level,2024.585,100.4
2717,sea-level,2024.612,100.0
2718,sea-level,2024.6392,99.9
2719,sea-level,2024.6663,100.2
2720,sea-level,2024.6934,100.6
2721,sea-level,2024.7205,101.0
2722,sea-level,2024.7476,101.4
2723,sea-level,2024.7747,101.6
2724,sea-level,2024.8018,101.8
2725,sea-level,2024.8289,101.9
2726,sea-level,2024.856,102.1
2727,sea-level,2024.8829,102.4
2728,sea-level,2024.91,102.8
145,arctic-sea-ice,1979.0,6.903
146,arctic-sea-ice,1980.0,7.544
147,arctic-sea-ice,1981.0,6.903
148,arctic-sea-ice,1982.0,7.166
149,arctic-sea-ice,1983.0,7.221
150,arctic-sea-ice,1984.0,6.426
151,arctic-sea-ice,1985.0,6.491
152,arctic-sea-ice,1986.0,7.157
153,arctic-sea-ice,1987.0,6.963
154,arctic-sea-ice,1988.0,7.126
155,arctic-sea-ice,1989.0,6.907
156,arctic-sea-ice,1990.0,6.036
157,arctic-sea-ice,1991.0,6.302
158,arctic-sea-ice,1992.0,7.209
159,arctic-sea-ice,1993.0,6.184
160,arctic-sea-ice,1994.0,6.961
161,arctic-sea-ice,1995.0,6.027
162,arctic-sea-ice,1996.0,7.191
163,arctic-sea-ice,1997.0,6.628
164,arctic-sea-ice,1998.0,6.351
165,arctic-sea-ice,1999.0,5.757
166,arctic-sea-ice,2000.0,5.978
167,arctic-sea-ice,2001.0,6.603
168,arctic-sea-ice,2002.0,5.638
169,arctic-sea-ice,2003.0,6.007
170,arctic-sea-ice,2004.0,5.794
171,arctic-sea-ice,2005.0,5.319
172,arctic-sea-ice,2006.0,5.774
173,arctic-sea-ice,2007.0,4.155
174,arctic-sea-ice,2008.0,4.586
175,arctic-sea-ice,2009.0,5.119
176,arctic-sea-ice,2010.0,4.615
177,arctic-sea-ice,2011.0,4.344
178,arctic-sea-ice,2012.0,3.387
179,arctic-sea-ice,2013.0,5.054
180,arctic-sea-ice,2014.0,5.029
181,arctic-sea-ice,2015.0,4.433
182,arctic-sea-ice,2016.0,4.165
183,arctic-sea-ice,2017.0,4.665
184,arctic-sea-ice,2018.0,4.656
185,arctic-sea-ice,2019.0,4.192
186,arctic-sea-ice,2020.0,3.818
187,arctic-sea-ice,2021.0,4.77
188,arctic-sea-ice,2022.0,4.7
189,arctic-sea-ice,2023.0,4.23
190,arctic-sea-ice,2024.0,4.28
